Execution.Key,Test Cycle.Name,Test Case.Key,Test Case.Name,Automated,Files
EI-E782,Negative_Auth_Login,EI-T124,Authenticating with credentials with an empty or over-length email value is rejected,Yes,service/tests/account/test_EI_R2_negative_auth_login.py
EI-E783,Negative_Auth_Login,EI-T123,Authenticating with credentials with password supplied as the wrong data type is rejected,Yes,service/tests/account/test_EI_R2_negative_auth_login.py
EI-E784,Negative_Auth_Login,EI-T122,Authenticating with credentials without the required email field is rejected,Yes,service/tests/account/test_EI_R2_negative_auth_login.py
EI-E785,Negative_Auth_Session,EI-T126,Logging out with malformed request parameters returns no server error,Yes,service/tests/account/test_EI_R3_negative_auth_session.py
EI-E786,Negative_Auth_Session,EI-T125,Rotating the session with malformed request parameters returns no server error,Yes,service/tests/account/test_zephyr_negative_password_image_session.py
EI-E787,Negative_Auth_Profile,EI-T127,Fetching the current user profile with malformed request parameters returns no server error,Yes,service/tests/account/test_zephyr_edge_auth_profile_malformed_params.py
EI-E788,Negative_Auth_Password Reset,EI-T130,Requesting a password reset with an empty or over-length email value is rejected,Yes,service/tests/password/test_EI_R5_negative_auth_password_reset.py
EI-E789,Negative_Auth_Password Reset,EI-T129,Requesting a password reset with email supplied as the wrong data type is rejected,Yes,service/tests/password/test_EI_R5_negative_auth_password_reset.py
EI-E790,Negative_Auth_Password Reset,EI-T128,Requesting a password reset without the required email field is rejected,Yes,service/tests/password/test_EI_R5_negative_auth_password_reset.py
EI-E791,Negative_Teacher_Account,EI-T134,Adding a teacher profile picture with an empty file and with an oversized file is rejected,Yes,service/tests/account/test_EI_R6_negative_teacher_accounts.py
EI-E792,Negative_Teacher_Account,EI-T133,Adding a teacher profile picture with an unsupported file type is rejected,Yes,service/tests/account/test_EI_R6_negative_teacher_accounts.py
EI-E793,Negative_Teacher_Account,EI-T132,Adding a teacher profile picture with no file attached is rejected,Yes,service/tests/account/test_EI_R6_negative_teacher_accounts.py
EI-E794,Negative_Teacher_Account,EI-T145,Changing a teacher password with an empty or over-length new_password value is rejected,Yes,service/tests/account/test_zephyr_negative_password_image_session.py
EI-E795,Negative_Teacher_Account,EI-T144,Changing a teacher password with new_password supplied as the wrong data type is rejected,Yes,service/tests/account/test_zephyr_negative_password_image_session.py
EI-E796,Negative_Teacher_Account,EI-T143,Changing a teacher password without the required current_password field is rejected,Yes,service/tests/account/test_EI_R6_negative_teacher_accounts.py; service/tests/account/test_zephyr_negative_password_image_session.py
EI-E797,Negative_Teacher_Account,EI-T138,Deleting a teacher profile picture with a malformed teacherId value is rejected,Yes,service/tests/account/test_EI_R23_edge_teacher_accounts.py
EI-E798,Negative_Teacher_Account,EI-T131,Searching for users with a malformed search value is rejected,Yes,service/tests/account/test_EI_R6_negative_teacher_accounts.py
EI-E799,Negative_Teacher_Account,EI-T137,Updating a teacher profile picture with an empty file and with an oversized file is rejected,Yes,service/tests/account/test_EI_R6_negative_teacher_accounts.py
EI-E800,Negative_Teacher_Account,EI-T136,Updating a teacher profile picture with an unsupported file type is rejected,Yes,service/tests/account/test_EI_R6_negative_teacher_accounts.py
EI-E801,Negative_Teacher_Account,EI-T135,Updating a teacher profile picture with no file attached is rejected,Yes,service/tests/account/test_EI_R6_negative_teacher_accounts.py
EI-E802,Negative_Teacher_Account,EI-T142,Updating teacher account information with a malformed teacher identifier is rejected,Yes,service/tests/account/test_EI_R6_negative_teacher_accounts.py
EI-E803,Negative_Teacher_Account,EI-T141,Updating teacher account information with an empty payload and with an oversized payload is rejected,Yes,service/tests/account/test_EI_R6_negative_teacher_accounts.py
EI-E804,Negative_Teacher_Account,EI-T140,Updating teacher account information with the email supplied as the wrong data type is rejected,Yes,service/tests/account/test_EI_R6_negative_teacher_accounts.py
EI-E805,Negative_Teacher_Account,EI-T139,Updating teacher account information without the required first_name is rejected,Yes,service/tests/account/test_EI_R6_negative_teacher_accounts.py
EI-E806,Negative_Teacher_Dashboard,EI-T148,Fetching assignment statistics with malformed request parameters returns no server error,Yes,service/tests/dashboard/test_EI_R7_negative_teacher_dashboard.py
EI-E807,Negative_Teacher_Dashboard,EI-T146,Fetching class statistics with malformed request parameters returns no server error,Yes,service/tests/dashboard/test_EI_R7_negative_teacher_dashboard.py
EI-E808,Negative_Teacher_Dashboard,EI-T147,Fetching student statistics with malformed request parameters returns no server error,Yes,service/tests/dashboard/test_EI_R7_negative_teacher_dashboard.py
EI-E809,Negative_Teacher_Dashboard,EI-T149,Fetching submission statistics with malformed request parameters returns no server error,Yes,service/tests/dashboard/test_EI_R7_negative_teacher_dashboard.py
EI-E810,Negative_Teacher_Classes,EI-T194,Accepting a student join request with a malformed student identifier is rejected,Yes,service/tests/classes/test_EI_R8_negative_teacher_classes.py
EI-E811,Negative_Teacher_Classes,EI-T196,Accepting a student join request with an excessively long or unknown student identifier is rejected,Yes,service/tests/classes/test_EI_R8_negative_teacher_classes.py
EI-E812,Negative_Teacher_Classes,EI-T195,Accepting a student join request with the student identifier omitted is rejected,Yes,service/tests/assignment/test_EI_R11_negative_teacher_assignments.py; service/tests/classes/test_EI_R8_negative_teacher_classes.py
EI-E813,Negative_Teacher_Classes,EI-T183,Adding a class cover photo with a malformed class identifier is rejected,Yes,service/tests/classes/test_EI_R8_negative_teacher_classes.py
EI-E814,Negative_Teacher_Classes,EI-T182,Adding a class cover photo with an empty file and with an oversized file is rejected,Yes,service/tests/classes/test_EI_R8_negative_teacher_classes.py
EI-E815,Negative_Teacher_Classes,EI-T181,Adding a class cover photo with an unsupported file type is rejected,Yes,service/tests/classes/test_EI_R8_negative_teacher_classes.py
EI-E816,Negative_Teacher_Classes,EI-T180,Adding a class cover photo with no file attached is rejected,Yes,service/tests/classes/test_EI_R8_negative_teacher_classes.py; service/tests/classes/test_EI_T500_missing_file_upload_cover_photo.py
EI-E817,Negative_Teacher_Classes,EI-T203,Approving a student leave request with a malformed class identifier is rejected,Yes,service/tests/classes/test_EI_R8_negative_teacher_classes.py
EI-E818,Negative_Teacher_Classes,EI-T202,Approving a student leave request with a non-boolean is_granted value is rejected,Yes,service/tests/classes/test_EI_R8_negative_teacher_classes.py
EI-E819,Negative_Teacher_Classes,EI-T201,Approving a student leave request with is_granted supplied as the wrong data type is rejected,Yes,service/tests/classes/test_EI_R8_negative_teacher_classes.py
EI-E820,Negative_Teacher_Classes,EI-T200,Approving a student leave request without the required is_granted field is rejected,Yes,service/tests/classes/test_EI_R8_negative_teacher_classes.py; service/tests/classes/test_EI_T520_missing_is_granted_accept_leave_request.py
EI-E821,Negative_Teacher_Classes,EI-T152,Creating a class with an unsupported semester value is rejected,Yes,service/tests/classes/test_EI_R8_negative_teacher_classes.py
EI-E822,Negative_Teacher_Classes,EI-T151,Creating a class with schedules supplied as the wrong data type is rejected,Yes,service/tests/classes/test_EI_R8_negative_teacher_classes.py
EI-E823,Negative_Teacher_Classes,EI-T150,Creating a class without the required title field is rejected,Yes,service/tests/classes/test_EI_656_teacher_create_class_description_optional.py; service/tests/classes/test_EI_R8_negative_teacher_classes.py
EI-E824,Negative_Teacher_Classes,EI-T164,Deleting a class announcement with a malformed message identifier is rejected,Yes,service/tests/classes/test_EI_R8_negative_teacher_classes_delete_fetch.py
EI-E825,Negative_Teacher_Classes,EI-T166,Deleting a class announcement with an excessively long or unknown message identifier is rejected,Yes,service/tests/classes/test_EI_R8_negative_teacher_classes_delete_fetch.py
EI-E826,Negative_Teacher_Classes,EI-T165,Deleting a class announcement with the message identifier omitted is rejected,Yes,service/tests/classes/test_EI_R8_negative_teacher_classes_delete_fetch.py
EI-E827,Negative_Teacher_Classes,EI-T188,Deleting a class cover photo with a malformed class identifier is rejected,Yes,service/tests/classes/test_EI_R8_negative_teacher_classes_delete_fetch.py
EI-E828,Negative_Teacher_Classes,EI-T190,Deleting a class cover photo with an excessively long or unknown class identifier is rejected,Yes,service/tests/classes/test_EI_R8_negative_teacher_classes_delete_fetch.py
EI-E829,Negative_Teacher_Classes,EI-T189,Deleting a class cover photo with the class identifier omitted is rejected,Yes,service/tests/classes/test_EI_R8_negative_teacher_classes_delete_fetch.py
EI-E830,Negative_Teacher_Classes,EI-T177,Deleting a class with a malformed class identifier is rejected,Yes,service/tests/classes/test_EI_R8_negative_teacher_classes_delete_fetch.py
EI-E831,Negative_Teacher_Classes,EI-T179,Deleting a class with an excessively long or unknown class identifier is rejected,Yes,service/tests/classes/test_EI_R8_negative_teacher_classes_delete_fetch.py
EI-E832,Negative_Teacher_Classes,EI-T178,Deleting a class with the class identifier omitted is rejected,Yes,service/tests/classes/test_EI_R8_negative_teacher_classes_delete_fetch.py
EI-E833,Negative_Teacher_Classes,EI-T154,Fetching a class by code with a malformed class code is rejected,Yes,service/tests/classes/test_EI_R8_negative_teacher_classes_delete_fetch.py
EI-E834,Negative_Teacher_Classes,EI-T156,Fetching a class by code with an excessively long or unknown class code is rejected,Yes,service/tests/classes/test_EI_R8_negative_teacher_classes_delete_fetch.py
EI-E835,Negative_Teacher_Classes,EI-T155,Fetching a class by code with the class code omitted is rejected,Yes,service/tests/classes/test_EI_R8_negative_teacher_classes_delete_fetch.py
EI-E836,Negative_Teacher_Classes,EI-T167,Fetching a class gradebook with a malformed class code is rejected,Yes,service/tests/classes/test_EI_R8_negative_teacher_classes_delete_fetch.py
EI-E837,Negative_Teacher_Classes,EI-T169,Fetching a class gradebook with an excessively long or unknown class code is rejected,Yes,service/tests/classes/test_EI_R8_negative_teacher_classes_delete_fetch.py
EI-E838,Negative_Teacher_Classes,EI-T168,Fetching a class gradebook with the class code omitted is rejected,Yes,service/tests/classes/test_EI_R8_negative_teacher_classes_delete_fetch.py
EI-E839,Negative_Teacher_Classes,EI-T170,Fetching a class roster with a malformed class identifier is rejected,Yes,service/tests/classes/test_EI_R8_negative_teacher_classes_delete_fetch.py
EI-E840,Negative_Teacher_Classes,EI-T172,Fetching a class roster with an excessively long or unknown class identifier is rejected,Yes,service/tests/classes/test_EI_R8_negative_teacher_classes_delete_fetch.py
EI-E841,Negative_Teacher_Classes,EI-T171,Fetching a class roster with the class identifier omitted is rejected,Yes,service/tests/classes/test_EI_R8_negative_teacher_classes_part3.py
EI-E842,Negative_Teacher_Classes,EI-T153,Fetching all classes with non-numeric and out-of-range pagination values is rejected,Yes,service/tests/classes/test_EI_R8_negative_teacher_classes_part3.py
EI-E843,Negative_Teacher_Classes,EI-T157,Fetching class announcements with a malformed class identifier is rejected,Yes,service/tests/classes/test_EI_R8_negative_teacher_classes_part3.py
EI-E844,Negative_Teacher_Classes,EI-T159,Fetching class announcements with an excessively long or unknown class identifier is rejected,Yes,service/tests/classes/test_EI_R8_negative_teacher_classes_part3.py
EI-E845,Negative_Teacher_Classes,EI-T158,Fetching class announcements with the class identifier omitted is rejected,Yes,service/tests/classes/test_EI_R8_negative_teacher_classes_part3.py
EI-E846,Negative_Teacher_Classes,EI-T204,Fetching class assignments with a malformed class identifier is rejected,Yes,service/tests/classes/test_EI_R8_negative_teacher_classes_part3.py
EI-E847,Negative_Teacher_Classes,EI-T206,Fetching class assignments with an excessively long or unknown class identifier is rejected,Yes,service/tests/classes/test_EI_R8_negative_teacher_classes_part3.py
EI-E848,Negative_Teacher_Classes,EI-T205,Fetching class assignments with the class identifier omitted is rejected,Yes,service/tests/classes/test_EI_R8_negative_teacher_classes_part3.py
EI-E849,Negative_Teacher_Classes,EI-T163,Posting a class announcement with a malformed class identifier is rejected,Yes,service/tests/classes/test_EI_R8_negative_teacher_classes_part3.py
EI-E850,Negative_Teacher_Classes,EI-T162,Posting a class announcement with an empty or over-length content value is rejected,Yes,service/tests/classes/test_EI_R8_negative_teacher_classes_part3.py
EI-E851,Negative_Teacher_Classes,EI-T161,Posting a class announcement with content supplied as the wrong data type is rejected,Yes,service/tests/classes/test_EI_R8_negative_teacher_classes_part3.py
EI-E852,Negative_Teacher_Classes,EI-T160,Posting a class announcement without the required content field is rejected,Yes,service/tests/classes/test_EI_R8_negative_teacher_classes_part3.py
EI-E853,Negative_Teacher_Classes,EI-T197,EI-T197,Yes,service/tests/classes/test_EI_R8_negative_teacher_classes_part3.py
EI-E854,Negative_Teacher_Classes,EI-T199,Removing a student from a class with an excessively long or unknown student identifier is rejected,Yes,service/tests/classes/test_EI_R8_negative_teacher_classes_part3.py
EI-E855,Negative_Teacher_Classes,EI-T198,Removing a student from a class with the student identifier omitted is rejected,Yes,service/tests/classes/test_EI_R8_negative_teacher_classes_part3.py
EI-E856,Negative_Teacher_Classes,EI-T191,Restoring a soft-deleted class with a malformed class identifier is rejected,Yes,service/tests/classes/test_EI_R8_negative_teacher_classes_part3.py
EI-E857,Negative_Teacher_Classes,EI-T193,Restoring a soft-deleted class with an excessively long or unknown class identifier is rejected,Yes,service/tests/classes/test_EI_R8_negative_teacher_classes_part3.py
EI-E858,Negative_Teacher_Classes,EI-T192,Restoring a soft-deleted class with the class identifier omitted is rejected,Yes,service/tests/classes/test_EI_R8_negative_teacher_classes_part3.py
EI-E859,Negative_Teacher_Classes,EI-T187,Updating a class cover photo with a malformed class identifier is rejected,Yes,service/tests/classes/test_EI_R8_negative_teacher_classes_part3.py
EI-E860,Negative_Teacher_Classes,EI-T186,Updating a class cover photo with an empty file and with an oversized file is rejected,Yes,service/tests/classes/test_EI_R8_negative_teacher_classes_part3.py
EI-E861,Negative_Teacher_Classes,EI-T185,Updating a class cover photo with an unsupported file type is rejected,Yes,service/tests/classes/test_EI_R8_negative_teacher_classes_part3.py
EI-E862,Negative_Teacher_Classes,EI-T184,Updating a class cover photo with no file attached is rejected,Yes,service/tests/classes/test_EI_R8_negative_teacher_classes_part3.py
EI-E863,Negative_Teacher_Classes,EI-T176,Updating class details with a malformed class identifier is rejected,Yes,service/tests/classes/test_EI_R8_negative_teacher_classes_part3.py
EI-E864,Negative_Teacher_Classes,EI-T175,Updating class details with an unsupported semester value is rejected,Yes,service/tests/classes/test_EI_R8_negative_teacher_classes_part3.py
EI-E865,Negative_Teacher_Classes,EI-T174,Updating class details with section supplied as the wrong data type is rejected,Yes,service/tests/classes/test_EI_R8_negative_teacher_classes_part3.py
EI-E866,Negative_Teacher_Classes,EI-T173,Updating class details without the required title field is rejected,Yes,service/tests/classes/test_EI_R8_negative_teacher_classes_part3.py
EI-E867,Negative_Teacher_Question,EI-T223,Clearing question filters with malformed request parameters returns no server error,Yes,service/tests/question/test_zephyr_negative_question_bank.py
EI-E868,Negative_Teacher_Question,EI-T211,Creating a question with an empty payload and with an oversized payload is rejected,Yes,service/tests/question/test_zephyr_negative_question_bank.py
EI-E869,Negative_Teacher_Question,EI-T210,Creating a question with the answer options supplied as the wrong data type is rejected,Yes,service/tests/question/test_zephyr_negative_question_bank.py
EI-E870,Negative_Teacher_Question,EI-T209,Creating a question without the required question stem is rejected,Yes,service/tests/question/test_zephyr_negative_question_bank.py
EI-E871,Negative_Teacher_Question,EI-T219,Deleting a question with a malformed question identifier is rejected,Yes,service/tests/question/test_zephyr_negative_question_bank.py
EI-E872,Negative_Teacher_Question,EI-T221,Deleting a question with an excessively long or unknown question identifier is rejected,Yes,service/tests/question/test_zephyr_negative_question_bank.py
EI-E873,Negative_Teacher_Question,EI-T220,Deleting a question with the question identifier omitted is rejected,Yes,service/tests/question/test_zephyr_negative_question_bank.py
EI-E874,Negative_Teacher_Question,EI-T212,Fetching a question by identifier with a malformed question identifier is rejected,Yes,service/tests/question/test_zephyr_negative_question_bank.py
EI-E875,Negative_Teacher_Question,EI-T214,Fetching a question by identifier with an excessively long or unknown question identifier is rejected,Yes,service/tests/question/test_zephyr_negative_question_bank.py
EI-E876,Negative_Teacher_Question,EI-T213,Fetching a question by identifier with the question identifier omitted is rejected,Yes,service/tests/question/test_zephyr_negative_question_bank.py
EI-E877,Negative_Teacher_Question,EI-T207,Fetching all questions with malformed filter values is rejected,Yes,service/tests/question/test_zephyr_negative_question_bank.py
EI-E878,Negative_Teacher_Question,EI-T222,Fetching question filter options with malformed request parameters returns no server error,Yes,service/tests/question/test_zephyr_negative_question_bank.py
EI-E879,Negative_Teacher_Question,EI-T208,Fetching staff questions with malformed filter values is rejected,Yes,service/tests/question/test_zephyr_negative_question_bank.py
EI-E880,Negative_Teacher_Question,EI-T218,Updating a question with a malformed question identifier is rejected,Yes,service/tests/question/test_zephyr_negative_question_bank.py
EI-E881,Negative_Teacher_Question,EI-T217,Updating a question with an empty payload and with an oversized payload is rejected,Yes,service/tests/question/test_zephyr_negative_question_bank.py
EI-E882,Negative_Teacher_Question,EI-T216,Updating a question with the answer options supplied as the wrong data type is rejected,Yes,service/tests/question/test_zephyr_negative_question_bank.py
EI-E883,Negative_Teacher_Question,EI-T215,Updating a question without the required question stem is rejected,Yes,service/tests/question/test_zephyr_negative_question_bank.py
EI-E884,Negative_Teacher_Question,EI-T226,Uploading a question image with an empty file and with an oversized file is rejected,Yes,service/tests/account/test_zephyr_negative_password_image_session.py
EI-E885,Negative_Teacher_Question,EI-T225,Uploading a question image with an unsupported file type is rejected,Yes,service/tests/account/test_zephyr_negative_password_image_session.py
EI-E886,Negative_Teacher_Question,EI-T224,Uploading a question image with no file attached is rejected,Yes,service/tests/account/test_zephyr_negative_password_image_session.py
EI-E887,Negative_Teacher_Question Import,EI-T244,Committing a question import with a malformed import job identifier is rejected,Yes,service/tests/question-import/test_zephyr_negative_question_import.py
EI-E888,Negative_Teacher_Question Import,EI-T243,Committing a question import with an empty payload and with an oversized payload is rejected,Yes,service/tests/question-import/test_zephyr_negative_question_import.py
EI-E889,Negative_Teacher_Question Import,EI-T242,Committing a question import with the question stem supplied as the wrong data type is rejected,Yes,service/tests/question-import/test_zephyr_negative_question_import.py
EI-E890,Negative_Teacher_Question Import,EI-T241,Committing a question import without the required question payload list is rejected,Yes,service/tests/question-import/test_zephyr_negative_question_import.py
EI-E891,Negative_Teacher_Question Import,EI-T238,Fetching proposed import questions with a malformed import job identifier is rejected,Yes,service/tests/question-import/test_zephyr_negative_question_import.py
EI-E892,Negative_Teacher_Question Import,EI-T240,Fetching proposed import questions with an excessively long or unknown import job identifier is rejected,Yes,service/tests/question-import/test_zephyr_negative_question_import.py
EI-E893,Negative_Teacher_Question Import,EI-T239,Fetching proposed import questions with the import job identifier omitted is rejected,Yes,service/tests/question-import/test_zephyr_negative_question_import.py
EI-E894,Negative_Teacher_Question Import,EI-T234,Importing a pasted question with an empty or over-length text value is rejected,Yes,service/tests/question-import/test_zephyr_negative_question_import.py
EI-E895,Negative_Teacher_Question Import,EI-T233,Importing a pasted question with question_type supplied as the wrong data type is rejected,Yes,service/tests/question-import/test_zephyr_negative_question_import.py
EI-E896,Negative_Teacher_Question Import,EI-T232,Importing a pasted question without the required text field is rejected,Yes,service/tests/question-import/test_zephyr_negative_question_import.py
EI-E897,Negative_Teacher_Question Import,EI-T235,Polling an import job status with a malformed import job identifier is rejected,Yes,service/tests/question/test_zephyr_negative_question_bank.py
EI-E898,Negative_Teacher_Question Import,EI-T237,Polling an import job status with an excessively long or unknown import job identifier is rejected,Yes,service/tests/question/test_zephyr_negative_question_bank.py
EI-E899,Negative_Teacher_Question Import,EI-T236,Polling an import job status with the import job identifier omitted is rejected,Yes,service/tests/question/test_zephyr_negative_question_bank.py
EI-E900,Negative_Teacher_Question Import,EI-T229,Uploading a question import file with an empty file and with an oversized file is rejected,Yes,service/tests/question-import/test_zephyr_negative_question_import.py
EI-E901,Negative_Teacher_Question Import,EI-T231,Uploading a question import file with an unrecognised question_type value is rejected,Yes,service/tests/question-import/test_zephyr_negative_question_import.py
EI-E902,Negative_Teacher_Question Import,EI-T228,Uploading a question import file with an unsupported file type is rejected,Yes,service/tests/question-import/test_zephyr_negative_question_import.py
EI-E903,Negative_Teacher_Question Import,EI-T227,Uploading a question import file with no file attached is rejected,Yes,service/tests/account/test_zephyr_negative_password_image_session.py; service/tests/question-import/test_zephyr_negative_question_import.py
EI-E904,Negative_Teacher_Question Import,EI-T230,Uploading a question import file with question_type omitted is rejected,Yes,service/tests/question-import/test_zephyr_negative_question_import.py
EI-E905,Negative_Teacher_Assignments,EI-T283,Adding a comment on a student answer with a malformed question identifier is rejected,Yes,service/tests/assignment/test_EI_R11_negative_teacher_assignments_payload.py
EI-E906,Negative_Teacher_Assignments,EI-T282,Adding a comment on a student answer with an empty or over-length comment value is rejected,Yes,service/tests/assignment/test_EI_R11_negative_teacher_assignments_payload.py
EI-E907,Negative_Teacher_Assignments,EI-T281,Adding a comment on a student answer with comment supplied as the wrong data type is rejected,Yes,service/tests/assignment/test_EI_R11_negative_teacher_assignments_payload.py
EI-E908,Negative_Teacher_Assignments,EI-T280,Adding a comment on a student answer without the required comment field is rejected,Yes,service/tests/assignment/test_EI_R11_negative_teacher_assignments_payload.py
EI-E909,Negative_Teacher_Assignments,EI-T296,Approving a late submission with a malformed submission identifier is rejected,Yes,service/tests/assignment/test_EI_R11_negative_late_submission_approve.py
EI-E910,Negative_Teacher_Assignments,EI-T295,Approving a late submission with late_penalty outside its accepted range is rejected,Yes,service/tests/assignment/test_EI_R11_negative_late_submission_approve.py
EI-E911,Negative_Teacher_Assignments,EI-T294,Approving a late submission with late_penalty supplied as the wrong data type is rejected,Yes,service/tests/assignment/test_EI_R11_negative_late_submission_approve.py
EI-E912,Negative_Teacher_Assignments,EI-T253,Creating a staff assignment with an unsupported type value is rejected,Yes,service/tests/assignment/test_EI_R11_negative_teacher_assignments_payload.py
EI-E913,Negative_Teacher_Assignments,EI-T252,Creating a staff assignment with questions supplied as the wrong data type is rejected,Yes,service/tests/assignment/test_EI_R11_negative_teacher_assignments_payload.py
EI-E914,Negative_Teacher_Assignments,EI-T251,Creating a staff assignment without the required description field is rejected,Yes,service/tests/assignment/test_EI_R11_negative_teacher_assignments_payload.py
EI-E915,Negative_Teacher_Assignments,EI-T395,Creating an assignment through the shared service with an unsupported type value is rejected,Yes,service/tests/assignment/test_EI_R11_negative_teacher_assignments_payload.py
EI-E916,Negative_Teacher_Assignments,EI-T394,Creating an assignment through the shared service with questions supplied as the wrong data type is rejected,Yes,service/tests/assignment/test_EI_R11_negative_teacher_assignments_payload.py
EI-E917,Negative_Teacher_Assignments,EI-T393,Creating an assignment through the shared service without the required questions field is rejected,Yes,service/tests/assignment/test_EI_R11_negative_teacher_assignments_payload.py
EI-E918,Negative_Teacher_Assignments,EI-T247,Creating an assignment with an unsupported type value is rejected,Yes,service/tests/assignment/test_EI_R11_negative_teacher_assignments_payload.py
EI-E919,Negative_Teacher_Assignments,EI-T246,Creating an assignment with questions supplied as the wrong data type is rejected,Yes,service/tests/assignment/test_EI_R11_negative_teacher_assignments_payload.py
EI-E920,Negative_Teacher_Assignments,EI-T245,Creating an assignment without the required title field is rejected,Yes,service/tests/assignment/test_EI_R11_negative_teacher_assignments_payload.py
EI-E921,Negative_Teacher_Assignments,EI-T288,Deleting a comment on a student answer with a malformed question identifier is rejected,Yes,service/tests/assignment/test_EI_R11_negative_teacher_assignments.py
EI-E922,Negative_Teacher_Assignments,EI-T290,Deleting a comment on a student answer with an excessively long or unknown question identifier is rejected,Yes,service/tests/assignment/test_EI_R11_negative_teacher_assignments.py
EI-E923,Negative_Teacher_Assignments,EI-T289,Deleting a comment on a student answer with the question identifier omitted is rejected,Yes,service/tests/assignment/test_EI_R11_negative_teacher_assignments.py
EI-E924,Negative_Teacher_Assignments,EI-T418,Deleting an assignment through the shared service with a malformed assignment_uuid value is rejected,Yes,service/tests/assignment/test_EI_R11_negative_teacher_assignments_identifier.py
EI-E925,Negative_Teacher_Assignments,EI-T417,Deleting an assignment through the shared service without the required assignment_uuid parameter is rejected,Yes,service/tests/assignment/test_EI_R11_negative_teacher_assignments_identifier.py
EI-E926,Negative_Teacher_Assignments,EI-T268,Deleting an assignment with a malformed assignment identifier is rejected,Yes,service/tests/assignment/test_EI_R11_negative_teacher_assignments_identifier.py
EI-E927,Negative_Teacher_Assignments,EI-T270,Deleting an assignment with an excessively long or unknown assignment identifier is rejected,Yes,service/tests/assignment/test_EI_R11_negative_teacher_assignments_identifier.py
EI-E928,Negative_Teacher_Assignments,EI-T269,Deleting an assignment with the assignment identifier omitted is rejected,Yes,service/tests/assignment/test_EI_R11_negative_teacher_assignments_identifier.py
EI-E929,Negative_Teacher_Assignments,EI-T255,Fetching a staff assignment with a malformed assignment identifier is rejected,Yes,service/tests/assignment/test_EI_R11_negative_teacher_assignments_identifier.py
EI-E930,Negative_Teacher_Assignments,EI-T257,Fetching a staff assignment with an excessively long or unknown assignment identifier is rejected,Yes,service/tests/assignment/test_EI_R11_negative_teacher_assignments_identifier.py
EI-E931,Negative_Teacher_Assignments,EI-T256,Fetching a staff assignment with the assignment identifier omitted is rejected,Yes,service/tests/assignment/test_EI_R11_negative_teacher_assignments_identifier.py
EI-E932,Negative_Teacher_Assignments,EI-T277,Fetching a student submission with a malformed student identifier is rejected,Yes,service/tests/assignment/test_EI_R11_negative_teacher_assignments_identifier.py
EI-E933,Negative_Teacher_Assignments,EI-T279,Fetching a student submission with an excessively long or unknown student identifier is rejected,Yes,service/tests/assignment/test_EI_R11_negative_teacher_assignments_identifier.py
EI-E934,Negative_Teacher_Assignments,EI-T278,Fetching a student submission with the student identifier omitted is rejected,Yes,service/tests/assignment/test_EI_R11_negative_teacher_assignments_identifier.py
EI-E935,Negative_Teacher_Assignments,EI-T258,Fetching a teacher assignment with a malformed assignment identifier is rejected,Yes,service/tests/assignment/test_EI_R11_negative_teacher_assignments_identifier.py
EI-E936,Negative_Teacher_Assignments,EI-T260,Fetching a teacher assignment with an excessively long or unknown assignment identifier is rejected,Yes,service/tests/assignment/test_EI_R11_negative_teacher_assignments_identifier.py
EI-E937,Negative_Teacher_Assignments,EI-T259,Fetching a teacher assignment with the assignment identifier omitted is rejected,Yes,service/tests/assignment/test_EI_R11_negative_teacher_assignments_identifier.py
EI-E938,Negative_Teacher_Assignments,EI-T254,Fetching all staff assignments with malformed request parameters returns no server error,Yes,service/tests/assignment/test_EI_R11_negative_teacher_assignments_identifier.py
EI-E939,Negative_Teacher_Assignments,EI-T271,Fetching assignment analytics summary with a malformed assignment identifier is rejected,Yes,service/tests/assignment/test_EI_R11_negative_teacher_assignments_identifier.py
EI-E940,Negative_Teacher_Assignments,EI-T273,Fetching assignment analytics summary with an excessively long or unknown assignment identifier is rejected,Yes,service/tests/assignment/test_EI_R11_negative_teacher_assignments_identifier.py
EI-E941,Negative_Teacher_Assignments,EI-T272,Fetching assignment analytics summary with the assignment identifier omitted is rejected,Yes,service/tests/assignment/test_EI_R11_negative_teacher_assignments_identifier.py
EI-E942,Negative_Teacher_Assignments,EI-T274,Fetching assignment item analysis with a malformed assignment identifier is rejected,Yes,service/tests/assignment/test_EI_R11_negative_teacher_assignments_identifier.py
EI-E943,Negative_Teacher_Assignments,EI-T276,Fetching assignment item analysis with an excessively long or unknown assignment identifier is rejected,Yes,service/tests/assignment/test_EI_R29_edge_teacher_assignments.py
EI-E944,Negative_Teacher_Assignments,EI-T275,Fetching assignment item analysis with the assignment identifier omitted is rejected,Yes,service/tests/assignment/test_EI_R11_negative_teacher_assignments_identifier.py
EI-E945,Negative_Teacher_Assignments,EI-T248,Fetching class assignments for a teacher with a malformed class code is rejected,Yes,service/tests/assignment/test_EI_R11_negative_teacher_assignments_identifier.py
EI-E946,Negative_Teacher_Assignments,EI-T250,Fetching class assignments for a teacher with an excessively long or unknown class code is rejected,Yes,service/tests/assignment/test_EI_R29_edge_teacher_assignments.py
EI-E947,Negative_Teacher_Assignments,EI-T249,Fetching class assignments for a teacher with the class code omitted is rejected,Yes,service/tests/assignment/test_EI_R11_negative_teacher_assignments_identifier.py
EI-E948,Negative_Teacher_Assignments,EI-T411,Fetching shared assignment analytics with a malformed assignment identifier is rejected,Yes,service/tests/assignment/test_EI_R11_negative_teacher_assignments_identifier.py
EI-E949,Negative_Teacher_Assignments,EI-T413,Fetching shared assignment analytics with an excessively long or unknown assignment identifier is rejected,Yes,service/tests/assignment/test_EI_R11_negative_teacher_assignments_identifier.py
EI-E950,Negative_Teacher_Assignments,EI-T412,Fetching shared assignment analytics with the assignment identifier omitted is rejected,Yes,service/tests/assignment/test_EI_R11_negative_teacher_assignments_identifier.py
EI-E951,Negative_Teacher_Assignments,EI-T291,Listing pending late submissions with a malformed assignment identifier is rejected,Yes,service/tests/assignment/test_EI_R11_negative_teacher_assignments_identifier.py
EI-E952,Negative_Teacher_Assignments,EI-T293,Listing pending late submissions with an excessively long or unknown assignment identifier is rejected,Yes,service/tests/assignment/test_EI_R11_negative_teacher_assignments_identifier.py
EI-E953,Negative_Teacher_Assignments,EI-T292,Listing pending late submissions with the assignment identifier omitted is rejected,Yes,service/tests/assignment/test_EI_R11_negative_teacher_assignments_identifier.py
EI-E954,Negative_Teacher_Assignments,EI-T267,Overriding a question point value with a malformed assignment identifier is rejected,Yes,service/tests/assignment/test_EI_R11_negative_teacher_assignments_identifier.py
EI-E955,Negative_Teacher_Assignments,EI-T266,Overriding a question point value with points outside its accepted range is rejected,Yes,service/tests/assignment/test_EI_R11_negative_teacher_assignments_payload.py
EI-E956,Negative_Teacher_Assignments,EI-T265,Overriding a question point value with points supplied as the wrong data type is rejected,Yes,service/tests/assignment/test_EI_R11_negative_teacher_assignments_payload.py
EI-E957,Negative_Teacher_Assignments,EI-T264,Overriding a question point value without the required points field is rejected,Yes,service/tests/assignment/test_EI_R11_negative_teacher_assignments_payload.py
EI-E958,Negative_Teacher_Assignments,EI-T299,Rejecting a late submission with a malformed submission identifier is rejected,Yes,service/tests/assignment/test_EI_R11_negative_teacher_assignments_identifier.py
EI-E959,Negative_Teacher_Assignments,EI-T298,Rejecting a late submission with an empty or over-length reason value is rejected,Yes,service/tests/assignment/test_EI_R11_negative_teacher_assignments_payload.py
EI-E960,Negative_Teacher_Assignments,EI-T297,Rejecting a late submission with reason supplied as the wrong data type is rejected,Yes,service/tests/assignment/test_EI_R11_negative_teacher_assignments_payload.py
EI-E961,Negative_Teacher_Assignments,EI-T405,Retrieving a submission for review with a malformed submission identifier is rejected,Yes,service/tests/assignment/test_EI_R11_negative_teacher_assignments_identifier.py
EI-E962,Negative_Teacher_Assignments,EI-T407,Retrieving a submission for review with an excessively long or unknown submission identifier is rejected,Yes,service/tests/assignment/test_EI_R11_negative_teacher_assignments_identifier.py
EI-E963,Negative_Teacher_Assignments,EI-T406,Retrieving a submission for review with the submission identifier omitted is rejected,Yes,service/tests/assignment/test_EI_R11_negative_teacher_assignments_identifier.py
EI-E964,Negative_Teacher_Assignments,EI-T396,Retrieving an assignment through the shared service with a malformed assignment identifier is rejected,Yes,service/tests/assignment/test_EI_R11_negative_teacher_assignments_identifier.py
EI-E965,Negative_Teacher_Assignments,EI-T398,Retrieving an assignment through the shared service with an excessively long or unknown assignment identifier is rejected,Yes,service/tests/assignment/test_EI_R11_negative_teacher_assignments_identifier.py
EI-E966,Negative_Teacher_Assignments,EI-T397,Retrieving an assignment through the shared service with the assignment identifier omitted is rejected,Yes,service/tests/assignment/test_EI_R11_negative_teacher_assignments_identifier.py
EI-E967,Negative_Teacher_Assignments,EI-T410,Sharing an assignment with an empty or over-length description value is rejected,Yes,service/tests/assignment/test_EI_R11_negative_teacher_assignments_payload.py
EI-E968,Negative_Teacher_Assignments,EI-T409,Sharing an assignment with object_id supplied as the wrong data type is rejected,Yes,service/tests/assignment/test_EI_R11_negative_teacher_assignments_payload.py
EI-E969,Negative_Teacher_Assignments,EI-T408,Sharing an assignment without the required recipient_id field is rejected,Yes,service/tests/assignment/test_EI_R11_negative_teacher_assignments_payload.py
EI-E970,Negative_Teacher_Assignments,EI-T287,Updating a comment on a student answer with a malformed question identifier is rejected,Yes,service/tests/assignment/test_EI_R11_negative_teacher_assignments_payload.py
EI-E971,Negative_Teacher_Assignments,EI-T286,Updating a comment on a student answer with an empty or over-length comment value is rejected,Yes,service/tests/assignment/test_EI_R11_negative_teacher_assignments_payload.py
EI-E972,Negative_Teacher_Assignments,EI-T285,Updating a comment on a student answer with comment supplied as the wrong data type is rejected,Yes,service/tests/assignment/test_EI_R11_negative_teacher_assignments_payload.py
EI-E973,Negative_Teacher_Assignments,EI-T284,Updating a comment on a student answer without the required comment field is rejected,Yes,service/tests/assignment/test_EI_R11_negative_teacher_assignments_payload.py
EI-E974,Negative_Teacher_Assignments,EI-T416,Updating an assignment through the shared service with a malformed assignment identifier is rejected,Yes,service/tests/assignment/test_EI_R11_negative_teacher_assignments_identifier.py
EI-E975,Negative_Teacher_Assignments,EI-T415,Updating an assignment through the shared service with passing_grade outside its accepted range is rejected,Yes,service/tests/assignment/test_EI_R11_negative_teacher_assignments_payload.py
EI-E976,Negative_Teacher_Assignments,EI-T414,Updating an assignment through the shared service with questions supplied as the wrong data type is rejected,Yes,service/tests/assignment/test_EI_R11_negative_teacher_assignments_payload.py
EI-E977,Negative_Teacher_Assignments,EI-T263,Updating an assignment with a malformed assignment identifier is rejected,Yes,service/tests/assignment/test_EI_R11_negative_teacher_assignments_identifier.py
EI-E978,Negative_Teacher_Assignments,EI-T262,Updating an assignment with passing_grade outside its accepted range is rejected,Yes,service/tests/assignment/test_EI_R11_negative_teacher_assignments_payload.py
EI-E979,Negative_Teacher_Assignments,EI-T261,Updating an assignment with questions supplied as the wrong data type is rejected,Yes,service/tests/assignment/test_EI_R11_negative_teacher_assignments_payload.py
EI-E980,Negative_Teacher_Theme,EI-T303,Applying a teacher theme with an empty or over-length theme_id value is rejected,Yes,service/tests/theme/test_EI_R12_negative_teacher_theme.py
EI-E981,Negative_Teacher_Theme,EI-T302,Applying a teacher theme with color_mode supplied as the wrong data type is rejected,Yes,service/tests/theme/test_EI_R12_negative_teacher_theme.py
EI-E982,Negative_Teacher_Theme,EI-T301,Applying a teacher theme without the required theme_id field is rejected,Yes,service/tests/theme/test_EI_R12_negative_teacher_theme.py
EI-E983,Negative_Teacher_Theme,EI-T306,Deleting a teacher theme with malformed request parameters returns no server error,Yes,service/tests/theme/test_EI_R12_negative_teacher_theme.py
EI-E984,Negative_Teacher_Theme,EI-T300,Fetching a teacher theme with malformed request parameters returns no server error,Yes,service/tests/theme/test_EI_R12_negative_teacher_theme.py
EI-E985,Negative_Teacher_Theme,EI-T305,Updating teacher theme settings with an empty or over-length theme_name value is rejected,Yes,service/tests/theme/test_EI_R12_negative_teacher_theme.py
EI-E986,Negative_Teacher_Theme,EI-T304,Updating teacher theme settings with colors supplied as the wrong data type is rejected,Yes,service/tests/theme/test_EI_R12_negative_teacher_theme.py
EI-E987,Negative_Teacher_Features,EI-T308,Fetching a single feature status for a teacher with a malformed feature name is rejected,Yes,service/tests/features/test_EI_R13_negative_teacher_features.py
EI-E988,Negative_Teacher_Features,EI-T310,Fetching a single feature status for a teacher with an excessively long or unknown feature name is rejected,Yes,service/tests/features/test_EI_R13_negative_teacher_features.py
EI-E989,Negative_Teacher_Features,EI-T309,Fetching a single feature status for a teacher with the feature name omitted is rejected,Yes,service/tests/features/test_EI_R13_negative_teacher_features.py
EI-E990,Negative_Teacher_Features,EI-T314,Fetching a teacher assignment quota with a malformed class_code value is rejected,Yes,service/tests/features/test_EI_R13_negative_teacher_features.py
EI-E991,Negative_Teacher_Features,EI-T313,Fetching a teacher district plan with malformed request parameters returns no server error,Yes,service/tests/features/test_EI_R13_negative_teacher_features.py
EI-E992,Negative_Teacher_Features,EI-T307,Fetching teacher feature flags with malformed request parameters returns no server error,Yes,service/tests/features/test_EI_R13_negative_teacher_features.py
EI-E993,Negative_Teacher_Features,EI-T311,Fetching teacher organisation details with malformed request parameters returns no server error,Yes,service/tests/features/test_EI_R13_negative_teacher_features.py
EI-E994,Negative_Teacher_Features,EI-T312,Fetching teacher school details with malformed request parameters returns no server error,Yes,service/tests/features/test_EI_R13_negative_teacher_features.py
EI-E995,Negative_Student_Accounts,EI-T322,Adding a student profile picture with an empty file and with an oversized file is rejected,Yes,service/tests/account/test_EI_T322_empty_and_oversized_file_add_profile_picture.py
EI-E996,Negative_Student_Accounts,EI-T321,Adding a student profile picture with an unsupported file type is rejected,Yes,service/tests/account/test_EI_T321_unsupported_file_type_add_profile_picture.py
EI-E997,Negative_Student_Accounts,EI-T320,Adding a student profile picture with no file attached is rejected,Yes,service/tests/account/test_EI_T320_missing_file_add_profile_picture.py;service/utils/image_factory.py
EI-E998,Negative_Student_Accounts,EI-T329,Changing a student password with an empty or over-length new_password value is rejected,Yes,service/tests/account/test_EI_T329_empty_and_overlength_new_password_update_password.py;service/utils/data_factory.py;service/utils/student_password.py
EI-E999,Negative_Student_Accounts,EI-T328,Changing a student password with new_password supplied as the wrong data type is rejected,Yes,service/tests/account/test_EI_T328_wrong_type_new_password_update_password.py;service/utils/data_factory.py
EI-E1000,Negative_Student_Accounts,EI-T327,Changing a student password without the required current_password field is rejected,Yes,service/tests/account/test_EI_T327_missing_current_password_update_password.py;service/utils/data_factory.py;service/utils/student_password.py
EI-E1001,Negative_Student_Accounts,EI-T326,Deleting a student profile picture with malformed request parameters returns no server error,Yes,service/tests/account/test_EI_T326_malformed_params_delete_profile_picture.py
EI-E1002,Negative_Student_Accounts,EI-T315,Fetching a student account with a malformed id value is rejected,Yes,service/tests/account/test_EI_T315_malformed_id_fetch_account.py;service/utils/data_factory.py
EI-E1003,Negative_Student_Accounts,EI-T316,Searching for teachers with non-numeric and out-of-range pagination values is rejected,Yes,service/tests/account/test_EI_T316_pagination_bounds_teacher_search.py
EI-E1004,Negative_Student_Accounts,EI-T325,Updating a student profile picture with an empty file and with an oversized file is rejected,Yes,service/tests/account/test_EI_T325_empty_and_oversized_file_update_profile_picture.py;service/utils/image_factory.py
EI-E1005,Negative_Student_Accounts,EI-T324,Updating a student profile picture with an unsupported file type is rejected,Yes,service/tests/account/test_EI_T324_unsupported_file_type_update_profile_picture.py
EI-E1006,Negative_Student_Accounts,EI-T323,Updating a student profile picture with no file attached is rejected,Yes,service/tests/account/test_EI_R14_negative_student_accounts.py
EI-E1007,Negative_Student_Accounts,EI-T319,Updating student contact person details with an empty or over-length first_name value is rejected,Yes,service/tests/account/test_EI_R14_negative_student_accounts.py
EI-E1008,Negative_Student_Accounts,EI-T318,Updating student contact person details with phone_number supplied as the wrong data type is rejected,Yes,service/tests/account/test_EI_R14_negative_student_accounts.py
EI-E1009,Negative_Student_Accounts,EI-T317,Updating student contact person details without the required relationship field is rejected,Yes,service/tests/account/test_EI_R14_negative_student_accounts.py
EI-E1010,Negative_Student_Dashboard,EI-T331,Fetching a grade distribution with malformed request parameters returns no server error,Yes,service/tests/dashboard/test_EI_R15_negative_student_dashboard.py
EI-E1011,Negative_Student_Dashboard,EI-T332,Fetching a student GPA with malformed request parameters returns no server error,Yes,service/tests/dashboard/test_EI_R15_negative_student_dashboard.py
EI-E1012,Negative_Student_Dashboard,EI-T330,Fetching achievement badges with malformed request parameters returns no server error,Yes,service/tests/dashboard/test_EI_R15_negative_student_dashboard.py
EI-E1013,Negative_Student_Dashboard,EI-T335,Fetching student assignment statistics with malformed request parameters returns no server error,Yes,service/tests/dashboard/test_EI_R15_negative_student_dashboard.py
EI-E1014,Negative_Student_Dashboard,EI-T334,Fetching student class statistics with malformed request parameters returns no server error,Yes,service/tests/dashboard/test_EI_R15_negative_student_dashboard.py
EI-E1015,Negative_Student_Dashboard,EI-T336,Fetching student submission statistics with malformed request parameters returns no server error,Yes,service/tests/dashboard/test_EI_R15_negative_student_dashboard.py
EI-E1016,Negative_Student_Dashboard,EI-T333,Fetching upcoming assignments with an out-of-range limit value is rejected,Yes,service/tests/dashboard/test_EI_R15_negative_student_dashboard.py
EI-E1017,Negative_Student_Classes,EI-T347,Cancelling a pending join request with a malformed class code is rejected,Yes,service/tests/classes/test_EI_R16_negative_student_classes.py
EI-E1018,Negative_Student_Classes,EI-T349,Cancelling a pending join request with an excessively long or unknown class code is rejected,Yes,service/tests/classes/test_EI_R16_negative_student_classes.py
EI-E1019,Negative_Student_Classes,EI-T348,Cancelling a pending join request with the class code omitted is rejected,Yes,service/tests/classes/test_EI_R16_negative_student_classes.py
EI-E1020,Negative_Student_Classes,EI-T338,Fetching an enrolled class by code with a malformed class code is rejected,Yes,service/tests/classes/test_EI_R16_negative_student_classes.py; service/tests/classes/test_EI_R35_edge_student_classes.py
EI-E1021,Negative_Student_Classes,EI-T340,Fetching an enrolled class by code with an excessively long or unknown class code is rejected,Yes,service/tests/classes/test_EI_R16_negative_student_classes.py
EI-E1022,Negative_Student_Classes,EI-T339,Fetching an enrolled class by code with the class code omitted is rejected,Yes,service/tests/classes/test_EI_R16_negative_student_classes.py
EI-E1023,Negative_Student_Classes,EI-T350,Fetching class announcements as a student with a malformed class identifier is rejected,Yes,service/tests/classes/test_EI_R16_negative_student_classes.py
EI-E1024,Negative_Student_Classes,EI-T352,Fetching class announcements as a student with an excessively long or unknown class identifier is rejected,Yes,service/tests/classes/test_EI_R16_negative_student_classes.py
EI-E1025,Negative_Student_Classes,EI-T351,Fetching class announcements as a student with the class identifier omitted is rejected,Yes,service/tests/classes/test_EI_R16_negative_student_classes.py
EI-E1026,Negative_Student_Classes,EI-T337,Fetching enrolled classes with non-numeric and out-of-range pagination values is rejected,Yes,service/tests/classes/test_EI_R16_negative_student_classes.py; service/tests/classes/test_zephyr_edge_student_classes_pagination.py
EI-E1027,Negative_Student_Classes,EI-T341,Joining a class with a malformed class code is rejected,Yes,service/tests/classes/test_EI_R16_negative_student_classes.py
EI-E1028,Negative_Student_Classes,EI-T343,Joining a class with an excessively long or unknown class code is rejected,Yes,service/tests/classes/test_EI_R16_negative_student_classes.py
EI-E1029,Negative_Student_Classes,EI-T342,Joining a class with the class code omitted is rejected,Yes,service/tests/classes/test_EI_R16_negative_student_classes.py
EI-E1030,Negative_Student_Classes,EI-T344,Requesting to leave a class with a malformed class code is rejected,Yes,service/tests/classes/test_EI_R16_negative_student_classes.py
EI-E1031,Negative_Student_Classes,EI-T346,Requesting to leave a class with an excessively long or unknown class code is rejected,Yes,service/tests/classes/test_EI_R16_negative_student_classes.py
EI-E1032,Negative_Student_Classes,EI-T345,Requesting to leave a class with the class code omitted is rejected,Yes,service/tests/classes/test_EI_R16_negative_student_classes.py
EI-E1033,Negative_Student_Assignments,EI-T356,Fetching a class average grade with a malformed class code is rejected,Yes,service/tests/assignment/test_EI_R17_negative_student_assignments_part2.py
EI-E1034,Negative_Student_Assignments,EI-T358,Fetching a class average grade with an excessively long or unknown class code is rejected,Yes,service/tests/classes/test_EI_R16_negative_student_classes.py
EI-E1035,Negative_Student_Assignments,EI-T357,Fetching a class average grade with the class code omitted is rejected,Yes,service/tests/assignment/test_EI_R17_negative_student_assignments_part2.py
EI-E1036,Negative_Student_Assignments,EI-T376,Fetching a student submission for review with a malformed assignment identifier is rejected,Yes,service/tests/assignment/test_EI_R17_negative_student_assignments_part2.py
EI-E1037,Negative_Student_Assignments,EI-T378,Fetching a student submission for review with an excessively long or unknown assignment identifier is rejected,Yes,service/tests/assignment/test_EI_R17_negative_student_assignments_part2.py
EI-E1038,Negative_Student_Assignments,EI-T377,Fetching a student submission for review with the assignment identifier omitted is rejected,Yes,service/tests/assignment/test_EI_R17_negative_student_assignments_part2.py
EI-E1039,Negative_Student_Assignments,EI-T359,Fetching an assignment as a student with a malformed assignment identifier is rejected,Yes,service/tests/assignment/test_EI_R17_negative_student_assignments_part2.py
EI-E1040,Negative_Student_Assignments,EI-T361,Fetching an assignment as a student with an excessively long or unknown assignment identifier is rejected,Yes,service/tests/assignment/test_EI_R17_negative_student_assignments_part2.py
EI-E1041,Negative_Student_Assignments,EI-T360,Fetching an assignment as a student with the assignment identifier omitted is rejected,Yes,service/tests/assignment/test_EI_R17_negative_student_assignments_part2.py
EI-E1042,Negative_Student_Assignments,EI-T362,Fetching assignment questions with a malformed assignment identifier is rejected,Yes,service/tests/assignment/test_EI_R17_negative_student_assignments_part2.py
EI-E1043,Negative_Student_Assignments,EI-T364,Fetching assignment questions with an excessively long or unknown assignment identifier is rejected,Yes,service/tests/assignment/test_EI_R17_negative_student_assignments_part2.py
EI-E1044,Negative_Student_Assignments,EI-T363,Fetching assignment questions with the assignment identifier omitted is rejected,Yes,service/tests/assignment/test_EI_R17_negative_student_assignments_part2.py
EI-E1045,Negative_Student_Assignments,EI-T353,Fetching class assignments as a student with a malformed class code is rejected,Yes,service/tests/assignment/test_EI_R17_negative_student_assignments.py
EI-E1046,Negative_Student_Assignments,EI-T355,Fetching class assignments as a student with an excessively long or unknown class code is rejected,Yes,service/tests/assignment/test_EI_R17_negative_student_assignments.py
EI-E1047,Negative_Student_Assignments,EI-T354,Fetching class assignments as a student with the class code omitted is rejected,Yes,service/tests/assignment/test_EI_R17_negative_student_assignments.py
EI-E1048,Negative_Student_Assignments,EI-T375,Reporting a lockdown violation with a malformed assignment identifier is rejected,Yes,service/tests/assignment/test_EI_R17_negative_student_assignments_part2.py
EI-E1049,Negative_Student_Assignments,EI-T374,Reporting a lockdown violation with an empty or over-length type value is rejected,Yes,service/tests/assignment/test_EI_R17_negative_student_assignments_part2.py
EI-E1050,Negative_Student_Assignments,EI-T373,Reporting a lockdown violation with type supplied as the wrong data type is rejected,Yes,service/tests/assignment/test_EI_R17_negative_student_assignments_part2.py
EI-E1051,Negative_Student_Assignments,EI-T401,Requesting the next adaptive item with a malformed assignment identifier is rejected,Yes,service/tests/assignment/test_EI_R17_negative_student_assignments_part2.py
EI-E1052,Negative_Student_Assignments,EI-T400,Requesting the next adaptive item with a malformed question_classification value is rejected,Yes,service/tests/assignment/test_EI_R17_negative_student_assignments_part2.py
EI-E1053,Negative_Student_Assignments,EI-T399,Requesting the next adaptive item without the required prev_difficulty parameter is rejected,Yes,service/tests/assignment/test_EI_R17_negative_student_assignments_part2.py
EI-E1054,Negative_Student_Assignments,EI-T368,Saving assignment answers with a malformed assignment identifier is rejected,Yes,service/tests/assignment/test_EI_R17_negative_student_assignments_part2.py
EI-E1055,Negative_Student_Assignments,EI-T367,Saving assignment answers with an empty answers array is rejected,Yes,service/tests/assignment/test_EI_R17_negative_student_assignments_part2.py
EI-E1056,Negative_Student_Assignments,EI-T366,Saving assignment answers with answers supplied as the wrong data type is rejected,Yes,service/tests/assignment/test_EI_R17_negative_student_assignments_part2.py
EI-E1057,Negative_Student_Assignments,EI-T365,Saving assignment answers without the required answers field is rejected,Yes,service/tests/assignment/test_take_assignment_student_flow.py
EI-E1058,Negative_Student_Assignments,EI-T404,Submitting an answer through the shared service with an empty answers array is rejected,Yes,service/tests/assignment/test_EI_R17_negative_student_assignments_part2.py
EI-E1059,Negative_Student_Assignments,EI-T403,Submitting an answer through the shared service with answers supplied as the wrong data type is rejected,Yes,service/tests/assignment/test_EI_R17_negative_student_assignments_part2.py
EI-E1060,Negative_Student_Assignments,EI-T402,Submitting an answer through the shared service without the required assignment_id field is rejected,Yes,service/tests/assignment/test_shared_answer_service_records_submission.py
EI-E1061,Negative_Student_Assignments,EI-T372,Submitting assignment answers with a malformed assignment identifier is rejected,Yes,service/tests/assignment/test_EI_R17_negative_student_assignments_part2.py
EI-E1062,Negative_Student_Assignments,EI-T371,Submitting assignment answers with an empty answers array is rejected,Yes,service/tests/assignment/test_EI_R17_negative_student_assignments_part2.py
EI-E1063,Negative_Student_Assignments,EI-T370,Submitting assignment answers with answers supplied as the wrong data type is rejected,Yes,service/tests/assignment/test_EI_R17_negative_student_assignments_part2.py
EI-E1064,Negative_Student_Assignments,EI-T369,Submitting assignment answers without the required answers field is rejected,Yes,service/tests/assignment/test_take_assignment_submit_flow.py
EI-E1065,Negative_Student_Theme,EI-T382,Applying a student theme with an empty or over-length theme_id value is rejected,Yes,service/tests/theme/test_student_theme_lifecycle.py
EI-E1066,Negative_Student_Theme,EI-T381,Applying a student theme with color_mode supplied as the wrong data type is rejected,Yes,service/tests/theme/test_student_theme_lifecycle.py
EI-E1067,Negative_Student_Theme,EI-T380,Applying a student theme without the required theme_id field is rejected,Yes,service/tests/theme/test_EI_R18_negative_student_theme_part2.py
EI-E1068,Negative_Student_Theme,EI-T385,Deleting a student theme with malformed request parameters returns no server error,Yes,service/tests/theme/test_EI_R18_negative_student_theme_part2.py
EI-E1069,Negative_Student_Theme,EI-T379,Fetching a student theme with malformed request parameters returns no server error,Yes,service/tests/theme/test_student_theme_lifecycle.py
EI-E1070,Negative_Student_Theme,EI-T384,Updating student theme settings with an empty or over-length theme_name value is rejected,Yes,service/tests/theme/test_EI_R18_negative_student_theme_part2.py
EI-E1071,Negative_Student_Theme,EI-T383,Updating student theme settings with colors supplied as the wrong data type is rejected,Yes,service/tests/theme/test_EI_R18_negative_student_theme_part2.py
EI-E1072,Negative_Student_Features,EI-T387,Fetching a single feature status for a student with a malformed feature name is rejected,Yes,service/tests/features/test_EI_R19_negative_student_features.py
EI-E1073,Negative_Student_Features,EI-T389,Fetching a single feature status for a student with an excessively long or unknown feature name is rejected,Yes,service/tests/features/test_EI_R19_negative_student_features.py
EI-E1074,Negative_Student_Features,EI-T388,Fetching a single feature status for a student with the feature name omitted is rejected,Yes,service/tests/features/test_EI_R19_negative_student_features.py
EI-E1075,Negative_Student_Features,EI-T392,Fetching a student district plan with malformed request parameters returns no server error,Yes,service/tests/features/test_EI_R19_negative_student_features.py
EI-E1076,Negative_Student_Features,EI-T386,Fetching student feature flags with malformed request parameters returns no server error,Yes,service/tests/features/test_student_features.py
EI-E1077,Negative_Student_Features,EI-T390,Fetching student organisation details with malformed request parameters returns no server error,Yes,service/tests/features/test_student_features.py
EI-E1078,Negative_Student_Features,EI-T391,Fetching student school details with malformed request parameters returns no server error,Yes,service/tests/features/test_student_features.py
EI-E1079,Edge_System_Health,EI-T419,[Health] Health probe reflects a downstream dependency outage,Yes,service/tests/health/test_zephyr_edge_health_readiness.py
EI-E1080,Edge_System_Health,EI-T421,[Health] Health probe reflects a downstream dependency outage (2),Yes,service/tests/health/test_zephyr_edge_health_readiness.py
EI-E1081,Edge_System_Health,EI-T420,[Health] Health probe responds without credentials and discloses no environment detail,Yes,service/tests/health/test_zephyr_edge_health_disclosure.py
EI-E1082,Edge_System_Health,EI-T422,[Health] Health probe responds without credentials and discloses no environment detail (2),Yes,service/tests/health/test_zephyr_edge_health_disclosure.py
EI-E1083,Edge_System_Webhooks,EI-T781,[Webhooks] Auth0 user-sync event with an incorrect shared secret is rejected,Yes,service/tests/security/test_EI_R21_edge_system_webhooks.py
EI-E1084,Edge_System_Webhooks,EI-T780,[Webhooks] Auth0 user-sync event without a shared secret header is rejected,Yes,service/tests/security/test_EI_R21_edge_system_webhooks.py
EI-E1085,Edge_System_Webhooks,EI-T778,[Webhooks] Malformed Auth0 event payload is rejected without partial profile writes,No,
EI-E1086,Edge_System_Webhooks,EI-T779,[Webhooks] Replayed Auth0 user-sync event is processed idempotently,No,
EI-E1087,Edge_Auth_Authentication,EI-T434,[Authentication] Cleared session cookies carry the correct security attributes,Yes,service/tests/account/test_zephyr_edge_cookies_and_uploads.py
EI-E1088,Edge_Auth_Authentication,EI-T436,[Authentication] Empty result set is returned correctly when attempting to get current user profile,Yes,service/tests/account/test_zephyr_edge_auth_me_envelope.py
EI-E1089,Edge_Auth_Authentication,EI-T435,[Authentication] Expired bearer token is rejected when attempting to get current user profile,Yes,service/tests/account/test_EI_R22_edge_auth_authentication.py
EI-E1090,Edge_Auth_Authentication,EI-T427,[Authentication] Expired or tampered refresh token is rejected during rotation,Yes,service/tests/account/test_EI_R22_edge_auth_authentication.py
EI-E1091,Edge_Auth_Authentication,EI-T431,[Authentication] Expired or tampered refresh token is rejected during rotation (2),Yes,service/tests/account/test_EI_R22_edge_auth_authentication.py
EI-E1092,Edge_Auth_Authentication,EI-T438,[Authentication] High-volume result set stays complete and performant when attempting to get current user profile,Yes,service/tests/account/test_zephyr_edge_auth_me_envelope.py
EI-E1093,Edge_Auth_Authentication,EI-T437,[Authentication] Missing Authorization header is rejected when attempting to get current user profile,Yes,service/tests/account/test_EI_R22_edge_auth_authentication.py
EI-E1094,Edge_Auth_Authentication,EI-T423,[Authentication] Omitting the required field 'email' is rejected when attempting to login with email and password,Yes,service/tests/account/test_EI_R22_edge_auth_authentication.py
EI-E1095,Edge_Auth_Authentication,EI-T439,[Authentication] Omitting the required field 'email' is rejected when attempting to request a password reset email,Yes,service/tests/account/test_EI_R22_edge_auth_authentication.py
EI-E1096,Edge_Auth_Authentication,EI-T426,[Authentication] Oversized 'email' value is handled safely when attempting to login with email and password,Yes,service/tests/account/test_zephyr_edge_auth_account_coverage.py
EI-E1097,Edge_Auth_Authentication,EI-T442,[Authentication] Oversized 'email' value is handled safely when attempting to request a password reset email,Yes,service/tests/account/test_zephyr_edge_auth_account_coverage.py
EI-E1098,Edge_Auth_Authentication,EI-T440,[Authentication] Password reset request for an unknown email does not enumerate accounts,Yes,service/tests/account/test_EI_R22_edge_auth_authentication.py
EI-E1099,Edge_Auth_Authentication,EI-T424,[Authentication] Repeated failed sign-in attempts are throttled without account enumeration,Yes,service/tests/account/test_zephyr_edge_login_throttle.py
EI-E1100,Edge_Auth_Authentication,EI-T428,[Authentication] Reusing an already rotated refresh token is rejected,Yes,service/tests/account/test_zephyr_edge_refresh_rotation.py
EI-E1101,Edge_Auth_Authentication,EI-T432,[Authentication] Reusing an already rotated refresh token is rejected (2),Yes,service/tests/account/test_zephyr_edge_refresh_rotation.py
EI-E1102,Edge_Auth_Authentication,EI-T425,[Authentication] Script payload in 'email' is neutralised when attempting to login with email and password,Yes,service/tests/account/test_EI_R22_edge_auth_authentication.py
EI-E1103,Edge_Auth_Authentication,EI-T441,[Authentication] Script payload in 'email' is neutralised when attempting to request a password reset email,Yes,service/tests/account/test_EI_R22_edge_auth_authentication.py
EI-E1104,Edge_Auth_Authentication,EI-T429,[Authentication] Session rotation without a refresh-token cookie is rejected,Yes,service/tests/account/test_EI_R22_edge_auth_authentication.py
EI-E1105,Edge_Auth_Authentication,EI-T433,[Authentication] Session rotation without a refresh-token cookie is rejected (2),Yes,service/tests/account/test_EI_R22_edge_auth_authentication.py
EI-E1106,Edge_Auth_Authentication,EI-T430,[Authentication] Simultaneous rotation requests issue only one valid session,Yes,service/tests/account/test_zephyr_edge_refresh_race.py
EI-E1107,Edge_Teacher_Accounts,EI-T461,[Accounts] Duplicate submission does not create a duplicate account,Yes,service/tests/account/test_EI_R23_edge_teacher_accounts.py
EI-E1108,Edge_Teacher_Accounts,EI-T459,[Accounts] Empty update payload is handled correctly when attempting to update my account information,Yes,service/tests/account/test_zephyr_edge_auth_account_coverage.py; service/tests/account/test_zephyr_edge_student_identifiers.py; service/tests/features/test_zephyr_edge_student_feature_identifiers.py
EI-E1109,Edge_Teacher_Accounts,EI-T447,[Accounts] Expired bearer token is rejected when attempting to add a profile picture if I don't have one already,Yes,service/tests/account/test_EI_R23_edge_teacher_accounts.py
EI-E1110,Edge_Teacher_Accounts,EI-T462,[Accounts] Expired bearer token is rejected when attempting to change my password by providing my current password,Yes,service/tests/account/test_EI_R23_edge_teacher_accounts.py
EI-E1111,Edge_Teacher_Accounts,EI-T455,[Accounts] Expired bearer token is rejected when attempting to delete my profile picture,Yes,service/tests/account/test_EI_R23_edge_teacher_accounts.py
EI-E1112,Edge_Teacher_Accounts,EI-T444,"[Accounts] Expired bearer token is rejected when attempting to search for users by name/email and role, or return current user account",Yes,service/tests/account/test_EI_R23_edge_teacher_accounts.py
EI-E1113,Edge_Teacher_Accounts,EI-T458,[Accounts] Expired bearer token is rejected when attempting to update my account information,Yes,service/tests/account/test_EI_R23_edge_teacher_accounts.py
EI-E1114,Edge_Teacher_Accounts,EI-T451,[Accounts] Expired bearer token is rejected when attempting to update my profile picture,Yes,service/tests/account/test_EI_R23_edge_teacher_accounts.py
EI-E1115,Edge_Teacher_Accounts,EI-T446,[Accounts] Interrupted upload leaves no orphaned asset when attempting to add a profile picture if I don't have one already,Yes,service/tests/account/test_EI_R23_edge_teacher_accounts.py
EI-E1116,Edge_Teacher_Accounts,EI-T450,[Accounts] Interrupted upload leaves no orphaned asset when attempting to update my profile picture,Yes,service/tests/account/test_EI_R23_edge_teacher_accounts.py
EI-E1117,Edge_Teacher_Accounts,EI-T456,[Accounts] Malformed teacher identifier is rejected when attempting to update my account information,Yes,service/tests/account/test_EI_R23_edge_teacher_accounts.py
EI-E1118,Edge_Teacher_Accounts,EI-T453,[Accounts] Malformed teacherId identifier is rejected when attempting to delete my profile picture,Yes,service/tests/account/test_EI_R23_edge_teacher_accounts.py
EI-E1119,Edge_Teacher_Accounts,EI-T460,[Accounts] Omitting the required field 'current_password' is rejected when attempting to change my password by providing my current password,Yes,service/tests/account/test_EI_R23_edge_teacher_accounts.py
EI-E1120,Edge_Teacher_Accounts,EI-T445,[Accounts] Omitting the required field 'file' is rejected when attempting to add a profile picture if I don't have one already,Yes,service/tests/account/test_EI_R6_negative_teacher_accounts.py; service/tests/account/test_zephyr_edge_auth_account_coverage.py; service/tests/account/test_zephyr_edge_student_missing_fields.py
EI-E1121,Edge_Teacher_Accounts,EI-T449,[Accounts] Omitting the required field 'file' is rejected when attempting to update my profile picture,Yes,service/tests/account/test_EI_R6_negative_teacher_accounts.py; service/tests/account/test_zephyr_edge_auth_account_coverage.py; service/tests/account/test_zephyr_edge_student_missing_fields.py
EI-E1122,Edge_Teacher_Accounts,EI-T463,[Accounts] Script payload in 'current_password' is neutralised when attempting to change my password by providing my current password,Yes,service/tests/account/test_EI_R23_edge_teacher_accounts.py
EI-E1123,Edge_Teacher_Accounts,EI-T448,[Accounts] Script payload in 'file' is neutralised when attempting to add a profile picture if I don't have one already,Yes,service/tests/account/test_zephyr_edge_cookies_and_uploads.py; service/tests/account/test_zephyr_edge_student_script_payloads.py
EI-E1124,Edge_Teacher_Accounts,EI-T452,[Accounts] Script payload in 'file' is neutralised when attempting to update my profile picture,Yes,service/tests/account/test_zephyr_edge_cookies_and_uploads.py; service/tests/account/test_zephyr_edge_student_script_payloads.py
EI-E1125,Edge_Teacher_Accounts,EI-T443,"[Accounts] Unknown 'search' filter value returns no matches when attempting to search for users by name/email and role, or return current user account",Yes,service/tests/account/test_EI_R23_edge_teacher_accounts.py
EI-E1126,Edge_Teacher_Accounts,EI-T457,[Accounts] Unknown teacher identifier returns not found when attempting to update my account information,Yes,service/tests/account/test_zephyr_edge_auth_account_coverage.py; service/tests/account/test_zephyr_edge_student_identifiers.py; service/tests/features/test_zephyr_edge_student_feature_identifiers.py
EI-E1127,Edge_Teacher_Accounts,EI-T454,[Accounts] Unknown teacherId identifier returns not found when attempting to delete my profile picture,Yes,service/services/teacher/account_service.py; service/tests/account/test_zephyr_edge_auth_account_coverage.py
EI-E1128,Edge_Teacher_Dashboard,EI-T469,[Dashboard] Empty result set is returned correctly when attempting to fetch statistics for assignments,Yes,service/tests/dashboard/test_EI_edge_teacher_dashboard.py
EI-E1129,Edge_Teacher_Dashboard,EI-T465,[Dashboard] Empty result set is returned correctly when attempting to fetch statistics for classes,Yes,service/tests/dashboard/test_EI_R24_edge_teacher_dashboard_empty.py
EI-E1130,Edge_Teacher_Dashboard,EI-T467,[Dashboard] Empty result set is returned correctly when attempting to fetch statistics for students,Yes,service/tests/dashboard/test_EI_R24_edge_teacher_dashboard_empty.py
EI-E1131,Edge_Teacher_Dashboard,EI-T471,[Dashboard] Empty result set is returned correctly when attempting to fetch statistics for submissions,Yes,service/tests/dashboard/test_EI_R24_edge_teacher_dashboard_empty.py
EI-E1132,Edge_Teacher_Dashboard,EI-T468,[Dashboard] Expired bearer token is rejected when attempting to fetch statistics for assignments,Yes,service/tests/dashboard/test_EI_edge_teacher_dashboard.py
EI-E1133,Edge_Teacher_Dashboard,EI-T464,[Dashboard] Expired bearer token is rejected when attempting to fetch statistics for classes,Yes,service/tests/dashboard/test_EI_edge_teacher_dashboard.py
EI-E1134,Edge_Teacher_Dashboard,EI-T466,[Dashboard] Expired bearer token is rejected when attempting to fetch statistics for students,Yes,service/tests/dashboard/test_EI_edge_teacher_dashboard.py
EI-E1135,Edge_Teacher_Dashboard,EI-T470,[Dashboard] Expired bearer token is rejected when attempting to fetch statistics for submissions,Yes,service/tests/dashboard/test_EI_edge_teacher_dashboard.py
EI-E1136,Edge_Teacher_Classes,EI-T473,[Classes] Duplicate submission does not create a duplicate classe,Yes,service/tests/classes/test_EI_T473_duplicate_class_submission.py
EI-E1137,Edge_Teacher_Classes,EI-T516,[Classes] Expired bearer token is rejected when attempting to accept a student's request to join a class,Yes,service/tests/classes/test_EI_T516_expired_token_accept_join_request.py
EI-E1138,Edge_Teacher_Classes,EI-T522,[Classes] Expired bearer token is rejected when attempting to accept a student's request to leave a class,Yes,service/tests/classes/test_EI_T522_expired_token_accept_leave_request.py
EI-E1139,Edge_Teacher_Classes,EI-T484,[Classes] Expired bearer token is rejected when attempting to create a class announcement,Yes,service/tests/classes/test_EI_T484_expired_token_create_announcement.py
EI-E1140,Edge_Teacher_Classes,EI-T474,[Classes] Expired bearer token is rejected when attempting to create a new class,Yes,service/tests/classes/test_EI_T474_expired_token_create_class.py
EI-E1141,Edge_Teacher_Classes,EI-T499,[Classes] Expired bearer token is rejected when attempting to delete a class,Yes,service/tests/account/test_zephyr_edge_expired_bearer_sweep.py
EI-E1142,Edge_Teacher_Classes,EI-T488,[Classes] Expired bearer token is rejected when attempting to delete a class announcement,Yes,service/tests/account/test_zephyr_edge_expired_bearer_sweep.py
EI-E1143,Edge_Teacher_Classes,EI-T510,[Classes] Expired bearer token is rejected when attempting to delete a class cover photo,Yes,service/tests/account/test_zephyr_edge_expired_bearer_sweep_2.py
EI-E1144,Edge_Teacher_Classes,EI-T477,[Classes] Expired bearer token is rejected when attempting to fetch all classes,Yes,service/tests/account/test_zephyr_edge_expired_bearer_sweep.py
EI-E1145,Edge_Teacher_Classes,EI-T519,[Classes] Expired bearer token is rejected when attempting to remove a student from a class,Yes,service/tests/account/test_zephyr_edge_expired_bearer_sweep.py
EI-E1146,Edge_Teacher_Classes,EI-T513,[Classes] Expired bearer token is rejected when attempting to restore a soft-deleted class,Yes,service/tests/account/test_zephyr_edge_expired_bearer_sweep.py
EI-E1147,Edge_Teacher_Classes,EI-T506,[Classes] Expired bearer token is rejected when attempting to update a class cover photo,Yes,service/tests/account/test_zephyr_edge_expired_bearer_sweep_2.py
EI-E1148,Edge_Teacher_Classes,EI-T495,[Classes] Expired bearer token is rejected when attempting to update a class details,Yes,service/tests/account/test_zephyr_edge_expired_bearer_sweep_2.py
EI-E1149,Edge_Teacher_Classes,EI-T502,[Classes] Expired bearer token is rejected when attempting to upload a class cover photo,Yes,service/tests/account/test_zephyr_edge_expired_bearer_sweep_2.py
EI-E1150,Edge_Teacher_Classes,EI-T505,[Classes] Interrupted upload leaves no orphaned asset when attempting to update a class cover photo,Yes,service/tests/classes/test_EI_T501_interrupted_cover_photo_upload.py; service/tests/classes/test_EI_T505_interrupted_cover_photo_update.py
EI-E1151,Edge_Teacher_Classes,EI-T501,[Classes] Interrupted upload leaves no orphaned asset when attempting to upload a class cover photo,Yes,service/tests/classes/test_EI_T501_interrupted_cover_photo_upload.py
EI-E1152,Edge_Teacher_Classes,EI-T478,[Classes] Malformed class code identifier is rejected when attempting to fetch a class by its code,Yes,service/tests/classes/test_EI_T478_malformed_class_code_find.py; service/tests/classes/test_EI_T489_malformed_class_code_gradebook.py
EI-E1153,Edge_Teacher_Classes,EI-T489,[Classes] Malformed class code identifier is rejected when attempting to fetch the gradebook for a specific class,Yes,service/tests/classes/test_EI_T489_malformed_class_code_gradebook.py
EI-E1154,Edge_Teacher_Classes,EI-T514,[Classes] Malformed class identifier is rejected when attempting to accept a student's request to join a class,Yes,service/tests/classes/test_EI_T514_malformed_class_uuid_accept_join_request.py
EI-E1155,Edge_Teacher_Classes,EI-T497,[Classes] Malformed class identifier is rejected when attempting to delete a class,Yes,service/tests/classes/test_EI_T497_malformed_class_uuid_delete_class.py
EI-E1156,Edge_Teacher_Classes,EI-T486,[Classes] Malformed class identifier is rejected when attempting to delete a class announcement,Yes,service/tests/classes/test_EI_T486_malformed_class_uuid_delete_announcement.py
EI-E1157,Edge_Teacher_Classes,EI-T508,[Classes] Malformed class identifier is rejected when attempting to delete a class cover photo,Yes,service/tests/classes/test_EI_T508_malformed_class_uuid_delete_cover_photo.py
EI-E1158,Edge_Teacher_Classes,EI-T524,[Classes] Malformed class identifier is rejected when attempting to fetch the assignments for a specific class,Yes,service/tests/classes/test_EI_T524_malformed_class_uuid_fetch_assignments.py; service/utils/rejections.py
EI-E1159,Edge_Teacher_Classes,EI-T480,[Classes] Malformed class identifier is rejected when attempting to fetch the messages for a specific class,Yes,service/tests/classes/test_EI_T480_malformed_class_uuid_fetch_messages.py
EI-E1160,Edge_Teacher_Classes,EI-T491,[Classes] Malformed class identifier is rejected when attempting to fetch the roster of students for a specific class,Yes,service/tests/classes/test_EI_T491_malformed_class_uuid_fetch_roster.py
EI-E1161,Edge_Teacher_Classes,EI-T517,[Classes] Malformed class identifier is rejected when attempting to remove a student from a class,Yes,service/tests/classes/test_EI_T517_malformed_class_uuid_remove_student.py
EI-E1162,Edge_Teacher_Classes,EI-T511,[Classes] Malformed class identifier is rejected when attempting to restore a soft-deleted class,Yes,service/tests/classes/test_EI_T511_malformed_class_uuid_restore_class.py
EI-E1163,Edge_Teacher_Classes,EI-T482,[Classes] Omitting the required field 'content' is rejected when attempting to create a class announcement,Yes,service/tests/classes/test_EI_T482_missing_content_create_announcement.py
EI-E1164,Edge_Teacher_Classes,EI-T504,[Classes] Omitting the required field 'file' is rejected when attempting to update a class cover photo,Yes,service/tests/classes/test_EI_T504_missing_file_update_cover_photo.py
EI-E1165,Edge_Teacher_Classes,EI-T500,[Classes] Omitting the required field 'file' is rejected when attempting to upload a class cover photo,Yes,service/tests/classes/test_EI_T500_missing_file_upload_cover_photo.py
EI-E1166,Edge_Teacher_Classes,EI-T520,[Classes] Omitting the required field 'is_granted' is rejected when attempting to accept a student's request to leave a class,Yes,service/tests/classes/test_EI_T520_missing_is_granted_accept_leave_request.py
EI-E1167,Edge_Teacher_Classes,EI-T472,[Classes] Omitting the required field 'title' is rejected when attempting to create a new class,Yes,service/tests/classes/test_EI_T472_missing_title_create_class.py; service/utils/rejections.py
EI-E1168,Edge_Teacher_Classes,EI-T493,[Classes] Omitting the required field 'title' is rejected when attempting to update a class details,Yes,service/tests/classes/test_EI_T493_missing_title_update_class.py
EI-E1169,Edge_Teacher_Classes,EI-T476,[Classes] Out-of-range 'page_num' value is handled safely when attempting to fetch all classes,Yes,service/tests/classes/test_EI_R25_edge_teacher_classes.py
EI-E1170,Edge_Teacher_Classes,EI-T485,[Classes] Script payload in 'content' is neutralised when attempting to create a class announcement,Yes,service/tests/classes/test_EI_R25_edge_teacher_classes.py
EI-E1171,Edge_Teacher_Classes,EI-T507,[Classes] Script payload in 'file' is neutralised when attempting to update a class cover photo,Yes,service/tests/classes/test_EI_R25_edge_teacher_classes.py
EI-E1172,Edge_Teacher_Classes,EI-T503,[Classes] Script payload in 'file' is neutralised when attempting to upload a class cover photo,Yes,service/tests/classes/test_EI_R25_edge_teacher_classes.py
EI-E1173,Edge_Teacher_Classes,EI-T523,[Classes] Script payload in 'is_granted' is neutralised when attempting to accept a student's request to leave a class,Yes,service/tests/classes/test_EI_R25_edge_teacher_classes.py
EI-E1174,Edge_Teacher_Classes,EI-T475,[Classes] Script payload in 'title' is neutralised when attempting to create a new class,Yes,service/tests/classes/test_EI_R25_edge_teacher_classes.py
EI-E1175,Edge_Teacher_Classes,EI-T496,[Classes] Script payload in 'title' is neutralised when attempting to update a class details,Yes,service/tests/classes/test_EI_R25_edge_teacher_classes.py
EI-E1176,Edge_Teacher_Classes,EI-T479,[Classes] Unknown class code identifier returns not found when attempting to fetch a class by its code,Yes,service/tests/classes/test_EI_R25_edge_teacher_classes.py
EI-E1177,Edge_Teacher_Classes,EI-T490,[Classes] Unknown class code identifier returns not found when attempting to fetch the gradebook for a specific class,Yes,service/tests/classes/test_EI_R25_edge_teacher_classes.py
EI-E1178,Edge_Teacher_Classes,EI-T515,[Classes] Unknown class identifier returns not found when attempting to accept a student's request to join a class,Yes,service/tests/classes/test_EI_R25_edge_teacher_classes.py
EI-E1179,Edge_Teacher_Classes,EI-T521,[Classes] Unknown class identifier returns not found when attempting to accept a student's request to leave a class,Yes,service/tests/classes/test_EI_R25_edge_teacher_classes.py
EI-E1180,Edge_Teacher_Classes,EI-T483,[Classes] Unknown class identifier returns not found when attempting to create a class announcement,Yes,service/tests/classes/test_EI_R25_edge_teacher_classes.py
EI-E1181,Edge_Teacher_Classes,EI-T498,[Classes] Unknown class identifier returns not found when attempting to delete a class,Yes,service/tests/classes/test_EI_R25_edge_teacher_classes.py
EI-E1182,Edge_Teacher_Classes,EI-T487,[Classes] Unknown class identifier returns not found when attempting to delete a class announcement,Yes,service/tests/classes/test_EI_R25_edge_teacher_classes.py
EI-E1183,Edge_Teacher_Classes,EI-T509,[Classes] Unknown class identifier returns not found when attempting to delete a class cover photo,Yes,service/tests/classes/test_EI_R25_edge_teacher_classes.py
EI-E1184,Edge_Teacher_Classes,EI-T525,[Classes] Unknown class identifier returns not found when attempting to fetch the assignments for a specific class,Yes,service/tests/classes/test_EI_R25_edge_teacher_classes.py
EI-E1185,Edge_Teacher_Classes,EI-T481,[Classes] Unknown class identifier returns not found when attempting to fetch the messages for a specific class,Yes,service/tests/classes/test_EI_R25_edge_teacher_classes.py
EI-E1186,Edge_Teacher_Classes,EI-T492,[Classes] Unknown class identifier returns not found when attempting to fetch the roster of students for a specific class,Yes,service/tests/classes/test_EI_R25_edge_teacher_classes.py
EI-E1187,Edge_Teacher_Classes,EI-T518,[Classes] Unknown class identifier returns not found when attempting to remove a student from a class,Yes,service/tests/classes/test_EI_R25_edge_teacher_classes.py
EI-E1188,Edge_Teacher_Classes,EI-T512,[Classes] Unknown class identifier returns not found when attempting to restore a soft-deleted class,Yes,service/tests/classes/test_EI_R25_edge_teacher_classes.py
EI-E1189,Edge_Teacher_Classes,EI-T494,[Classes] Unknown class identifier returns not found when attempting to update a class details,Yes,service/tests/classes/test_EI_R25_edge_teacher_classes.py
EI-E1190,Edge_Teacher_Question,EI-T530,[Question] Duplicate submission does not create a duplicate question,Yes,service/tests/question/test_EI_R26_edge_teacher_question.py
EI-E1191,Edge_Teacher_Question,EI-T546,[Question] Empty result set is returned correctly when attempting to clear all filters,Yes,service/tests/question/test_EI_R26_edge_teacher_question.py
EI-E1192,Edge_Teacher_Question,EI-T544,[Question] Empty result set is returned correctly when attempting to get filter options with counts,Yes,service/tests/question/test_EI_R26_edge_teacher_question.py
EI-E1193,Edge_Teacher_Question,EI-T539,[Question] Empty update payload is handled correctly when attempting to update a specific question by its ID,Yes,service/tests/question/test_EI_R26_edge_teacher_question.py
EI-E1194,Edge_Teacher_Question,EI-T545,[Question] Expired bearer token is rejected when attempting to clear all filters,Yes,service/tests/question/test_EI_R26_edge_teacher_question.py
EI-E1195,Edge_Teacher_Question,EI-T531,[Question] Expired bearer token is rejected when attempting to create a new question,Yes,service/tests/question/test_EI_R26_edge_teacher_question.py
EI-E1196,Edge_Teacher_Question,EI-T542,[Question] Expired bearer token is rejected when attempting to delete a specific question by its ID,Yes,service/tests/question/test_EI_R26_edge_teacher_question.py
EI-E1197,Edge_Teacher_Question,EI-T529,[Question] Expired bearer token is rejected when attempting to fetch all staff questions accessible to me,Yes,service/tests/question/test_EI_R26_edge_teacher_question.py
EI-E1198,Edge_Teacher_Question,EI-T543,[Question] Expired bearer token is rejected when attempting to get filter options with counts,Yes,service/tests/question/test_EI_R26_edge_teacher_question.py
EI-E1199,Edge_Teacher_Question,EI-T538,[Question] Expired bearer token is rejected when attempting to update a specific question by its ID,Yes,service/tests/question/test_EI_R26_edge_teacher_question.py
EI-E1200,Edge_Teacher_Question,EI-T549,[Question] Expired bearer token is rejected when attempting to upload an image to embed in a question,Yes,service/tests/question/test_EI_R26_edge_teacher_question.py
EI-E1201,Edge_Teacher_Question,EI-T548,[Question] Interrupted upload leaves no orphaned asset when attempting to upload an image to embed in a question,Yes,service/tests/question/test_EI_R26_edge_teacher_question.py
EI-E1202,Edge_Teacher_Question,EI-T540,[Question] Malformed question identifier is rejected when attempting to delete a specific question by its ID,Yes,service/tests/question/test_EI_R26_edge_teacher_question.py
EI-E1203,Edge_Teacher_Question,EI-T534,[Question] Malformed question identifier is rejected when attempting to fetch a specific question by its ID,Yes,service/tests/question/test_EI_R26_edge_teacher_question.py
EI-E1204,Edge_Teacher_Question,EI-T536,[Question] Malformed question identifier is rejected when attempting to update a specific question by its ID,Yes,service/tests/question/test_EI_R26_edge_teacher_question.py
EI-E1205,Edge_Teacher_Question,EI-T526,[Question] Malformed teacher identifier is rejected when attempting to fetch all questions accessible to me,Yes,service/tests/question/test_EI_R26_edge_teacher_question.py
EI-E1206,Edge_Teacher_Question,EI-T533,[Question] Missing Authorization header is rejected when attempting to create a new question,Yes,service/tests/question/test_EI_R26_edge_teacher_question.py
EI-E1207,Edge_Teacher_Question,EI-T547,[Question] Omitting the required field 'file' is rejected when attempting to upload an image to embed in a question,Yes,service/tests/question/test_EI_R26_edge_teacher_question.py
EI-E1208,Edge_Teacher_Question,EI-T532,[Question] Parallel creation requests are handled without data corruption,Yes,service/tests/question/test_EI_R26_edge_teacher_question.py
EI-E1209,Edge_Teacher_Question,EI-T550,[Question] Script payload in 'file' is neutralised when attempting to upload an image to embed in a question,Yes,service/tests/question/test_EI_R26_edge_teacher_question.py
EI-E1210,Edge_Teacher_Question,EI-T528,[Question] Unknown 'assignment_types' filter value returns no matches when attempting to fetch all staff questions accessible to me,Yes,service/tests/question/test_EI_R26_edge_teacher_question.py
EI-E1211,Edge_Teacher_Question,EI-T541,[Question] Unknown question identifier returns not found when attempting to delete a specific question by its ID,Yes,service/tests/question/test_EI_R26_edge_teacher_question.py
EI-E1212,Edge_Teacher_Question,EI-T535,[Question] Unknown question identifier returns not found when attempting to fetch a specific question by its ID,Yes,service/tests/question/test_EI_R26_edge_teacher_question.py
EI-E1213,Edge_Teacher_Question,EI-T537,[Question] Unknown question identifier returns not found when attempting to update a specific question by its ID,Yes,service/tests/question/test_EI_R26_edge_teacher_question.py
EI-E1214,Edge_Teacher_Question,EI-T527,[Question] Unknown teacher identifier returns not found when attempting to fetch all questions accessible to me,Yes,service/tests/question/test_EI_R26_edge_teacher_question.py
EI-E1215,Edge_Teacher_Question-Import,EI-T566,[Question-Import] Another account's job cannot be reached when attempting to approve a reviewed import and create the questions,Yes,service/tests/question-import/test_EI_edge_question_import.py
EI-E1216,Edge_Teacher_Question-Import,EI-T556,[Question-Import] Duplicate submission does not create a duplicate question import,Yes,service/tests/question-import/test_EI_edge_question_import.py
EI-E1217,Edge_Teacher_Question-Import,EI-T557,"[Question-Import] Expired bearer token is rejected when attempting to add a single question by pasting it, and start an import job",Yes,service/tests/question-import/test_EI_edge_question_import.py
EI-E1218,Edge_Teacher_Question-Import,EI-T565,[Question-Import] Expired bearer token is rejected when attempting to approve a reviewed import and create the questions,Yes,service/tests/question-import/test_EI_edge_question_import.py
EI-E1219,Edge_Teacher_Question-Import,EI-T553,[Question-Import] Expired bearer token is rejected when attempting to upload a question file and start an import job,Yes,service/tests/question-import/test_EI_edge_question_import.py
EI-E1220,Edge_Teacher_Question-Import,EI-T552,[Question-Import] Interrupted upload leaves no orphaned asset when attempting to upload a question file and start an import job,Yes,service/tests/question-import/test_EI_edge_question_import.py
EI-E1221,Edge_Teacher_Question-Import,EI-T563,[Question-Import] Malformed job identifier is rejected when attempting to approve a reviewed import and create the questions,Yes,service/tests/question-import/test_EI_edge_question_import.py
EI-E1222,Edge_Teacher_Question-Import,EI-T559,[Question-Import] Malformed job identifier is rejected when attempting to retrieve progress and per-row errors for an import job,Yes,service/tests/question-import/test_EI_edge_question_import.py
EI-E1223,Edge_Teacher_Question-Import,EI-T561,[Question-Import] Malformed job identifier is rejected when attempting to retrieve proposed questions for review,Yes,service/tests/question-import/test_EI_edge_question_import.py
EI-E1224,Edge_Teacher_Question-Import,EI-T551,[Question-Import] Omitting the required field 'question_type' is rejected when attempting to upload a question file and start an import job,Yes,service/tests/question-import/test_EI_edge_question_import.py
EI-E1225,Edge_Teacher_Question-Import,EI-T555,"[Question-Import] Omitting the required field 'text' is rejected when attempting to add a single question by pasting it, and start an import job",Yes,service/tests/question-import/test_EI_R27_edge_question_import.py
EI-E1226,Edge_Teacher_Question-Import,EI-T554,[Question-Import] Script payload in 'question_type' is neutralised when attempting to upload a question file and start an import job,Yes,service/tests/question-import/test_EI_edge_question_import.py
EI-E1227,Edge_Teacher_Question-Import,EI-T558,"[Question-Import] Script payload in 'text' is neutralised when attempting to add a single question by pasting it, and start an import job",Yes,service/tests/question-import/test_EI_edge_question_import.py
EI-E1228,Edge_Teacher_Question-Import,EI-T564,[Question-Import] Unknown job identifier returns not found when attempting to approve a reviewed import and create the questions,Yes,service/tests/question-import/test_EI_edge_question_import.py
EI-E1229,Edge_Teacher_Question-Import,EI-T560,[Question-Import] Unknown job identifier returns not found when attempting to retrieve progress and per-row errors for an import job,Yes,service/tests/question-import/test_EI_R27_edge_question_import.py
EI-E1230,Edge_Teacher_Question-Import,EI-T562,[Question-Import] Unknown job identifier returns not found when attempting to retrieve proposed questions for review,Yes,service/tests/question-import/test_EI_edge_question_import.py
EI-E1325,Edge_Teacher_Assignments,EI-T616,[Assignments] Another account's submission cannot be reached when attempting to approve a pending late submission,Yes,service/tests/assignment/test_EI_R29_edge_teacher_assignments.py
EI-E1326,Edge_Teacher_Assignments,EI-T568,[Assignments] Duplicate submission does not create a duplicate assignment,Yes,service/tests/assignment/test_EI_R29_edge_teacher_assignments.py
EI-E1327,Edge_Teacher_Assignments,EI-T574,[Assignments] Duplicate submission does not create a duplicate assignment (2),Yes,service/tests/assignment/test_EI_R29_edge_teacher_assignments.py
EI-E1328,Edge_Teacher_Assignments,EI-T578,[Assignments] Empty result set is returned correctly when attempting to fetch all staff created assignments,Yes,service/tests/assignment/test_EI_R29_edge_teacher_assignments.py
EI-E1329,Edge_Teacher_Assignments,EI-T602,[Assignments] Expired bearer token is rejected when attempting to add a new comment on a student's answer to a specific question,Yes,service/tests/assignment/test_EI_R29_edge_teacher_assignments.py
EI-E1330,Edge_Teacher_Assignments,EI-T615,[Assignments] Expired bearer token is rejected when attempting to approve a pending late submission,Yes,service/tests/assignment/test_EI_R29_edge_teacher_assignments.py
EI-E1331,Edge_Teacher_Assignments,EI-T569,[Assignments] Expired bearer token is rejected when attempting to create a new assignment,Yes,service/tests/assignment/test_EI_R29_edge_teacher_assignments.py
EI-E1332,Edge_Teacher_Assignments,EI-T575,[Assignments] Expired bearer token is rejected when attempting to create a new assignment on behalf of staff,Yes,service/tests/assignment/test_EI_R29_edge_teacher_assignments.py
EI-E1333,Edge_Teacher_Assignments,EI-T593,[Assignments] Expired bearer token is rejected when attempting to delete a specific assignment,Yes,service/tests/assignment/test_EI_R29_edge_teacher_assignments.py
EI-E1334,Edge_Teacher_Assignments,EI-T610,[Assignments] Expired bearer token is rejected when attempting to delete my comment on a student's answer to a specific question,Yes,service/tests/assignment/test_EI_R29_edge_teacher_assignments.py
EI-E1335,Edge_Teacher_Assignments,EI-T577,[Assignments] Expired bearer token is rejected when attempting to fetch all staff created assignments,Yes,service/tests/assignment/test_EI_R29_edge_teacher_assignments.py
EI-E1336,Edge_Teacher_Assignments,EI-T589,[Assignments] Expired bearer token is rejected when attempting to override a question's point value for this assignment only,Yes,service/tests/assignment/test_EI_R29_edge_teacher_assignments.py
EI-E1337,Edge_Teacher_Assignments,EI-T619,[Assignments] Expired bearer token is rejected when attempting to reject a pending late submission,Yes,service/tests/assignment/test_EI_R29_edge_teacher_assignments.py
EI-E1338,Edge_Teacher_Assignments,EI-T585,[Assignments] Expired bearer token is rejected when attempting to update an existing assignment's details,Yes,service/tests/assignment/test_EI_R29_edge_teacher_assignments.py
EI-E1339,Edge_Teacher_Assignments,EI-T606,[Assignments] Expired bearer token is rejected when attempting to update my existing comment on a student's answer to a specific question,Yes,service/tests/assignment/test_EI_R29_edge_teacher_assignments.py
EI-E1340,Edge_Teacher_Assignments,EI-T591,[Assignments] Malformed assignment identifier is rejected when attempting to delete a specific assignment,Yes,service/tests/assignment/test_EI_R29_edge_teacher_assignments.py
EI-E1341,Edge_Teacher_Assignments,EI-T579,[Assignments] Malformed assignment identifier is rejected when attempting to fetch all staff created assignments,Yes,service/tests/assignment/test_EI_R29_edge_teacher_assignments.py
EI-E1342,Edge_Teacher_Assignments,EI-T581,[Assignments] Malformed assignment identifier is rejected when attempting to fetch my created assignment,Yes,service/tests/assignment/test_EI_R29_edge_teacher_assignments.py
EI-E1343,Edge_Teacher_Assignments,EI-T611,[Assignments] Malformed assignment identifier is rejected when attempting to list pending late submissions for a given assignment,Yes,service/tests/assignment/test_EI_R29_edge_teacher_assignments.py
EI-E1344,Edge_Teacher_Assignments,EI-T608,[Assignments] Malformed class code identifier is rejected when attempting to delete my comment on a student's answer to a specific question,Yes,service/tests/assignment/test_EI_R29_edge_teacher_assignments.py
EI-E1345,Edge_Teacher_Assignments,EI-T598,[Assignments] Malformed class code identifier is rejected when attempting to fetch a specific student's submission for an assignment,Yes,service/tests/assignment/test_EI_R29_edge_teacher_assignments.py
EI-E1346,Edge_Teacher_Assignments,EI-T571,[Assignments] Malformed class code identifier is rejected when attempting to fetch all my created assignments,Yes,service/tests/assignment/test_EI_R29_edge_teacher_assignments.py
EI-E1347,Edge_Teacher_Assignments,EI-T594,[Assignments] Malformed class code identifier is rejected when attempting to get analytics for a specific assignment,Yes,service/tests/assignment/test_EI_R29_edge_teacher_assignments.py
EI-E1348,Edge_Teacher_Assignments,EI-T596,[Assignments] Malformed class code identifier is rejected when attempting to get item analysis analytics for a specific assignment,Yes,service/tests/assignment/test_EI_R29_edge_teacher_assignments.py
EI-E1349,Edge_Teacher_Assignments,EI-T613,[Assignments] Malformed submission identifier is rejected when attempting to approve a pending late submission,Yes,service/tests/assignment/test_EI_R29_edge_teacher_assignments.py
EI-E1350,Edge_Teacher_Assignments,EI-T600,[Assignments] Omitting the required field 'comment' is rejected when attempting to add a new comment on a student's answer to a specific question,Yes,service/tests/assignment/test_EI_R29_edge_teacher_assignments.py
EI-E1351,Edge_Teacher_Assignments,EI-T604,[Assignments] Omitting the required field 'comment' is rejected when attempting to update my existing comment on a student's answer to a specific question,Yes,service/tests/assignment/test_EI_R29_edge_teacher_assignments.py
EI-E1352,Edge_Teacher_Assignments,EI-T587,[Assignments] Omitting the required field 'points' is rejected when attempting to override a question's point value for this assignment only,Yes,service/tests/assignment/test_EI_R29_edge_teacher_assignments.py
EI-E1353,Edge_Teacher_Assignments,EI-T617,[Assignments] Omitting the required field 'reason' is rejected when attempting to reject a pending late submission,Yes,service/tests/assignment/test_EI_R29_edge_teacher_assignments.py
EI-E1354,Edge_Teacher_Assignments,EI-T567,[Assignments] Omitting the required field 'semester' is rejected when attempting to create a new assignment,Yes,service/tests/assignment/test_EI_R29_edge_teacher_assignments.py
EI-E1355,Edge_Teacher_Assignments,EI-T573,[Assignments] Omitting the required field 'semester' is rejected when attempting to create a new assignment on behalf of staff,Yes,service/tests/assignment/test_EI_R29_edge_teacher_assignments.py
EI-E1356,Edge_Teacher_Assignments,EI-T583,[Assignments] Omitting the required field 'semester' is rejected when attempting to update an existing assignment's details,Yes,service/tests/assignment/test_EI_R29_edge_teacher_assignments.py; service/tests/assignment/test_EI_R39_edge_shared_assignments.py
EI-E1357,Edge_Teacher_Assignments,EI-T603,[Assignments] Script payload in 'comment' is neutralised when attempting to add a new comment on a student's answer to a specific question,Yes,service/tests/assignment/test_EI_R29_edge_teacher_assignments.py
EI-E1358,Edge_Teacher_Assignments,EI-T607,[Assignments] Script payload in 'comment' is neutralised when attempting to update my existing comment on a student's answer to a specific question,Yes,service/tests/assignment/test_EI_R29_edge_teacher_assignments.py
EI-E1359,Edge_Teacher_Assignments,EI-T590,[Assignments] Script payload in 'points' is neutralised when attempting to override a question's point value for this assignment only,Yes,service/tests/assignment/test_EI_R29_edge_teacher_assignments.py
EI-E1360,Edge_Teacher_Assignments,EI-T620,[Assignments] Script payload in 'reason' is neutralised when attempting to reject a pending late submission,Yes,service/tests/assignment/test_EI_R29_edge_teacher_assignments.py
EI-E1361,Edge_Teacher_Assignments,EI-T570,[Assignments] Script payload in 'semester' is neutralised when attempting to create a new assignment,Yes,service/tests/assignment/test_EI_R29_edge_teacher_assignments.py
EI-E1362,Edge_Teacher_Assignments,EI-T576,[Assignments] Script payload in 'semester' is neutralised when attempting to create a new assignment on behalf of staff,Yes,service/tests/assignment/test_EI_R29_edge_teacher_assignments.py
EI-E1363,Edge_Teacher_Assignments,EI-T586,[Assignments] Script payload in 'semester' is neutralised when attempting to update an existing assignment's details,Yes,service/tests/assignment/test_EI_R29_edge_teacher_assignments.py
EI-E1364,Edge_Teacher_Assignments,EI-T592,[Assignments] Unknown assignment identifier returns not found when attempting to delete a specific assignment,Yes,service/tests/assignment/test_EI_R29_edge_teacher_assignments.py
EI-E1365,Edge_Teacher_Assignments,EI-T580,[Assignments] Unknown assignment identifier returns not found when attempting to fetch all staff created assignments,Yes,service/tests/assignment/test_EI_R29_edge_teacher_assignments.py
EI-E1366,Edge_Teacher_Assignments,EI-T582,[Assignments] Unknown assignment identifier returns not found when attempting to fetch my created assignment,Yes,service/tests/assignment/test_EI_R29_edge_teacher_assignments.py
EI-E1367,Edge_Teacher_Assignments,EI-T612,[Assignments] Unknown assignment identifier returns not found when attempting to list pending late submissions for a given assignment,Yes,service/tests/assignment/test_EI_R29_edge_teacher_assignments.py
EI-E1368,Edge_Teacher_Assignments,EI-T588,[Assignments] Unknown assignment identifier returns not found when attempting to override a question's point value for this assignment only,Yes,service/tests/assignment/test_EI_R29_edge_teacher_assignments.py
EI-E1369,Edge_Teacher_Assignments,EI-T584,[Assignments] Unknown assignment identifier returns not found when attempting to update an existing assignment's details,Yes,service/tests/assignment/test_EI_R29_edge_teacher_assignments.py
EI-E1370,Edge_Teacher_Assignments,EI-T601,[Assignments] Unknown class code identifier returns not found when attempting to add a new comment on a student's answer to a specific question,Yes,service/tests/assignment/test_EI_R29_edge_teacher_assignments.py
EI-E1371,Edge_Teacher_Assignments,EI-T609,[Assignments] Unknown class code identifier returns not found when attempting to delete my comment on a student's answer to a specific question,Yes,service/tests/assignment/test_EI_R29_edge_teacher_assignments.py
EI-E1372,Edge_Teacher_Assignments,EI-T599,[Assignments] Unknown class code identifier returns not found when attempting to fetch a specific student's submission for an assignment,Yes,service/tests/assignment/test_EI_R29_edge_teacher_assignments.py
EI-E1373,Edge_Teacher_Assignments,EI-T572,[Assignments] Unknown class code identifier returns not found when attempting to fetch all my created assignments,Yes,service/tests/assignment/test_EI_R29_edge_teacher_assignments.py
EI-E1374,Edge_Teacher_Assignments,EI-T595,[Assignments] Unknown class code identifier returns not found when attempting to get analytics for a specific assignment,Yes,service/tests/assignment/test_EI_R29_edge_teacher_assignments.py
EI-E1375,Edge_Teacher_Assignments,EI-T597,[Assignments] Unknown class code identifier returns not found when attempting to get item analysis analytics for a specific assignment,Yes,service/tests/assignment/test_EI_R29_edge_teacher_assignments.py
EI-E1376,Edge_Teacher_Assignments,EI-T605,[Assignments] Unknown class code identifier returns not found when attempting to update my existing comment on a student's answer to a specific question,Yes,service/tests/assignment/test_EI_R29_edge_teacher_assignments.py
EI-E1377,Edge_Teacher_Assignments,EI-T614,[Assignments] Unknown submission identifier returns not found when attempting to approve a pending late submission,Yes,service/tests/assignment/test_EI_R29_edge_teacher_assignments.py
EI-E1378,Edge_Teacher_Assignments,EI-T618,[Assignments] Unknown submission identifier returns not found when attempting to reject a pending late submission,Yes,service/tests/assignment/test_EI_R29_edge_teacher_assignments.py
EI-E1379,Edge_Teacher_Theme,EI-T624,[Theme] Duplicate submission does not create a duplicate theme,Yes,service/tests/theme/test_EI_R30_edge_teacher_theme.py
EI-E1380,Edge_Teacher_Theme,EI-T622,[Theme] Empty result set is returned correctly when attempting to get current profile theme information,Yes,service/tests/theme/test_EI_R30_edge_teacher_theme.py
EI-E1381,Edge_Teacher_Theme,EI-T625,[Theme] Expired bearer token is rejected when attempting to apply a new theme to profile,Yes,service/tests/account/test_zephyr_edge_expired_bearer_sweep.py
EI-E1382,Edge_Teacher_Theme,EI-T632,[Theme] Expired bearer token is rejected when attempting to delete theme and revert to default,Yes,service/tests/account/test_zephyr_edge_expired_bearer_sweep.py
EI-E1383,Edge_Teacher_Theme,EI-T621,[Theme] Expired bearer token is rejected when attempting to get current profile theme information,Yes,service/tests/account/test_zephyr_edge_expired_bearer_sweep.py; service/tests/theme/test_EI_R30_edge_teacher_theme.py
EI-E1384,Edge_Teacher_Theme,EI-T629,[Theme] Expired bearer token is rejected when attempting to update current theme settings,Yes,service/tests/account/test_zephyr_edge_expired_bearer_sweep.py
EI-E1385,Edge_Teacher_Theme,EI-T623,[Theme] Omitting the required field 'theme_id' is rejected when attempting to apply a new theme to profile,Yes,service/tests/theme/test_EI_R30_edge_teacher_theme.py
EI-E1386,Edge_Teacher_Theme,EI-T627,[Theme] Omitting the required field 'theme_name' is rejected when attempting to update current theme settings,Yes,service/tests/theme/test_EI_R30_edge_teacher_theme.py
EI-E1387,Edge_Teacher_Theme,EI-T633,[Theme] Removing a theme with dependent records leaves no orphaned data,Yes,service/tests/theme/test_EI_R30_edge_teacher_theme.py
EI-E1388,Edge_Teacher_Theme,EI-T631,[Theme] Repeating the removal of an already deleted theme is handled safely,Yes,service/tests/theme/test_EI_R30_edge_teacher_theme.py
EI-E1389,Edge_Teacher_Theme,EI-T626,[Theme] Script payload in 'theme_id' is neutralised when attempting to apply a new theme to profile,Yes,service/tests/theme/test_EI_R30_edge_teacher_theme.py
EI-E1390,Edge_Teacher_Theme,EI-T630,[Theme] Script payload in 'theme_name' is neutralised when attempting to update current theme settings,Yes,service/tests/theme/test_EI_R30_edge_teacher_theme.py
EI-E1391,Edge_Teacher_Theme,EI-T628,[Theme] Simultaneous updates to one theme resolve deterministically,Yes,service/tests/theme/test_EI_R30_edge_teacher_theme.py
EI-E1392,Edge_Teacher_Students,EI-T639,[Students] Deprecated operation to bulk student creation moved to Staff-Admin API no longer mutates data,Yes,service/tests/backup/test_EI_edge_students_deprecated.py
EI-E1393,Edge_Teacher_Students,EI-T634,[Students] Deprecated operation to submit student creation moved to Staff-Admin API no longer mutates data,Yes,service/tests/backup/test_EI_edge_students_deprecated.py
EI-E1394,Edge_Teacher_Students,EI-T636,[Students] Duplicate submission does not create a duplicate student,Yes,service/tests/backup/test_EI_edge_students_deprecated.py
EI-E1395,Edge_Teacher_Students,EI-T640,[Students] Expired bearer token is rejected when attempting to bulk student creation moved to Staff-Admin API,Yes,service/tests/backup/test_EI_edge_students_deprecated.py
EI-E1396,Edge_Teacher_Students,EI-T635,[Students] Expired bearer token is rejected when attempting to submit student creation moved to Staff-Admin API,Yes,service/tests/backup/test_EI_edge_students_deprecated.py
EI-E1397,Edge_Teacher_Students,EI-T637,[Students] Missing Authorization header is rejected when attempting to submit student creation moved to Staff-Admin API,Yes,service/tests/backup/test_EI_edge_students_deprecated.py
EI-E1398,Edge_Teacher_Students,EI-T638,[Students] Omitting the required field 'file' is rejected when attempting to bulk student creation moved to Staff-Admin API,Yes,service/tests/backup/test_EI_edge_students_deprecated.py
EI-E1399,Edge_Teacher_Students,EI-T641,[Students] Script payload in 'file' is neutralised when attempting to bulk student creation moved to Staff-Admin API,Yes,service/tests/backup/test_EI_edge_students_deprecated.py
EI-E1400,Edge_Teacher_Features,EI-T651,[Features] Empty result set is returned correctly when attempting to retrieve district subscription plan for the authenticated teacher,Yes,service/tests/features/test_EI_R32_edge_teacher_features_empty.py
EI-E1401,Edge_Teacher_Features,EI-T643,[Features] Empty result set is returned correctly when attempting to retrieve effective feature flags for the authenticated teacher,Yes,service/tests/features/test_EI_R32_edge_teacher_features_empty.py
EI-E1402,Edge_Teacher_Features,EI-T647,[Features] Empty result set is returned correctly when attempting to retrieve school and district plan for the authenticated teacher,Yes,service/tests/features/test_EI_R32_edge_teacher_features_empty.py
EI-E1403,Edge_Teacher_Features,EI-T649,[Features] Empty result set is returned correctly when attempting to retrieve school details for the authenticated teacher,Yes,service/tests/features/test_EI_R32_edge_teacher_features_empty.py
EI-E1404,Edge_Teacher_Features,EI-T650,[Features] Expired bearer token is rejected when attempting to retrieve district subscription plan for the authenticated teacher,Yes,service/tests/features/test_EI_edge_teacher_features.py
EI-E1405,Edge_Teacher_Features,EI-T642,[Features] Expired bearer token is rejected when attempting to retrieve effective feature flags for the authenticated teacher,Yes,service/tests/features/test_EI_edge_teacher_features.py
EI-E1406,Edge_Teacher_Features,EI-T646,[Features] Expired bearer token is rejected when attempting to retrieve school and district plan for the authenticated teacher,Yes,service/tests/features/test_EI_edge_teacher_features.py
EI-E1407,Edge_Teacher_Features,EI-T648,[Features] Expired bearer token is rejected when attempting to retrieve school details for the authenticated teacher,Yes,service/tests/features/test_EI_edge_teacher_features.py
EI-E1408,Edge_Teacher_Features,EI-T652,[Features] Malformed class code identifier is rejected when attempting to retrieve teacher-made assignment creation quota per class,Yes,service/tests/features/test_EI_edge_teacher_features.py
EI-E1409,Edge_Teacher_Features,EI-T644,[Features] Malformed feature name identifier is rejected when attempting to get effective status for a single feature,Yes,service/tests/features/test_EI_edge_teacher_features.py
EI-E1410,Edge_Teacher_Features,EI-T653,[Features] Unknown class code identifier returns not found when attempting to retrieve teacher-made assignment creation quota per class,Yes,service/tests/features/test_EI_edge_teacher_features.py
EI-E1411,Edge_Teacher_Features,EI-T645,[Features] Unknown feature name identifier returns not found when attempting to get effective status for a single feature,Yes,service/tests/features/test_EI_edge_teacher_features.py
EI-E1412,Edge_Student_Accounts,EI-T674,[Accounts] Duplicate submission does not create a duplicate account (2),Yes,service/tests/account/test_EI_R33_edge_student_accounts.py
EI-E1413,Edge_Student_Accounts,EI-T664,[Accounts] Expired bearer token is rejected when attempting to add a profile picture if I don't have one already (2),Yes,service/tests/account/test_zephyr_edge_student_expired_bearer.py; service/tests/unit/test_token_renewal_on_401.py
EI-E1414,Edge_Student_Accounts,EI-T675,[Accounts] Expired bearer token is rejected when attempting to change my password by providing my current password (2),Yes,service/tests/account/test_zephyr_edge_student_expired_bearer.py
EI-E1415,Edge_Student_Accounts,EI-T671,[Accounts] Expired bearer token is rejected when attempting to delete my profile picture (2),Yes,service/tests/account/test_zephyr_edge_student_expired_bearer.py
EI-E1416,Edge_Student_Accounts,EI-T657,[Accounts] Expired bearer token is rejected when attempting to search for teachers,Yes,service/tests/account/test_zephyr_edge_student_expired_bearer.py; service/tests/unit/test_token_renewal_on_401.py; service/utils/renewable_token.py
EI-E1417,Edge_Student_Accounts,EI-T660,[Accounts] Expired bearer token is rejected when attempting to update my contact person information,Yes,service/tests/account/test_zephyr_edge_student_expired_bearer.py
EI-E1418,Edge_Student_Accounts,EI-T668,[Accounts] Expired bearer token is rejected when attempting to update my profile picture (2),Yes,service/tests/account/test_zephyr_edge_student_expired_bearer.py
EI-E1419,Edge_Student_Accounts,EI-T663,[Accounts] Interrupted upload leaves no orphaned asset when attempting to add a profile picture if I don't have one already (2),Yes,service/tests/account/test_EI_R33_edge_student_accounts.py
EI-E1420,Edge_Student_Accounts,EI-T667,[Accounts] Interrupted upload leaves no orphaned asset when attempting to update my profile picture (2),Yes,service/tests/account/test_EI_R33_edge_student_accounts.py
EI-E1421,Edge_Student_Accounts,EI-T654,[Accounts] Malformed account identifier is rejected when attempting to fetch my account data,Yes,service/tests/account/test_zephyr_edge_student_identifiers.py; service/tests/features/test_zephyr_edge_student_feature_identifiers.py
EI-E1422,Edge_Student_Accounts,EI-T673,[Accounts] Omitting the required field 'current_password' is rejected when attempting to change my password by providing my current password (2),Yes,service/tests/account/test_zephyr_edge_student_missing_fields.py
EI-E1423,Edge_Student_Accounts,EI-T662,[Accounts] Omitting the required field 'file' is rejected when attempting to add a profile picture if I don't have one already (2),Yes,service/tests/account/test_zephyr_edge_student_missing_fields.py
EI-E1424,Edge_Student_Accounts,EI-T666,[Accounts] Omitting the required field 'file' is rejected when attempting to update my profile picture (2),Yes,service/tests/account/test_EI_R14_negative_student_accounts.py; service/tests/account/test_zephyr_edge_student_missing_fields.py
EI-E1425,Edge_Student_Accounts,EI-T658,[Accounts] Omitting the required field 'first_name' is rejected when attempting to update my contact person information,Yes,service/tests/account/test_EI_R14_negative_student_accounts.py; service/tests/account/test_zephyr_edge_student_missing_fields.py
EI-E1426,Edge_Student_Accounts,EI-T656,[Accounts] Out-of-range 'page' value is handled safely when attempting to search for teachers,Yes,service/tests/account/test_EI_T316_pagination_bounds_teacher_search.py; service/tests/account/test_zephyr_edge_student_pagination.py; service/tests/classes/test_zephyr_edge_student_classes_pagination.py
EI-E1427,Edge_Student_Accounts,EI-T672,[Accounts] Removing an account with dependent records leaves no orphaned data,No,
EI-E1428,Edge_Student_Accounts,EI-T670,[Accounts] Repeating the removal of an already deleted account is handled safely,Yes,service/tests/theme/test_zephyr_edge_student_repeat_removal.py
EI-E1429,Edge_Student_Accounts,EI-T676,[Accounts] Script payload in 'current_password' is neutralised when attempting to change my password by providing my current password (2),Yes,service/tests/account/test_zephyr_edge_student_script_payloads.py
EI-E1430,Edge_Student_Accounts,EI-T665,[Accounts] Script payload in 'file' is neutralised when attempting to add a profile picture if I don't have one already (2),Yes,service/tests/account/test_zephyr_edge_student_script_payloads.py
EI-E1431,Edge_Student_Accounts,EI-T669,[Accounts] Script payload in 'file' is neutralised when attempting to update my profile picture (2),Yes,service/tests/account/test_zephyr_edge_student_script_payloads.py
EI-E1432,Edge_Student_Accounts,EI-T661,[Accounts] Script payload in 'first_name' is neutralised when attempting to update my contact person information,Yes,service/tests/account/test_zephyr_edge_student_script_payloads.py
EI-E1433,Edge_Student_Accounts,EI-T655,[Accounts] Unknown account identifier returns not found when attempting to fetch my account data,Yes,service/tests/account/test_zephyr_edge_student_identifiers.py
EI-E1434,Edge_Student_Accounts,EI-T659,[Accounts] Unknown account identifier returns not found when attempting to update my contact person information,Yes,service/tests/account/test_zephyr_edge_student_identifiers.py
EI-E1435,Edge_Student_Dashboard,EI-T678,[Dashboard] Empty result set is returned correctly when attempting to fetch my achievement badges,Yes,service/tests/dashboard/test_EI_R34_edge_student_dashboard.py
EI-E1436,Edge_Student_Dashboard,EI-T682,[Dashboard] Empty result set is returned correctly when attempting to fetch my GPA (overall + per-class),Yes,service/tests/dashboard/test_EI_R34_edge_student_dashboard.py
EI-E1437,Edge_Student_Dashboard,EI-T680,[Dashboard] Empty result set is returned correctly when attempting to fetch my grade distribution (histogram buckets),Yes,service/tests/dashboard/test_EI_R34_edge_student_dashboard.py
EI-E1438,Edge_Student_Dashboard,EI-T688,[Dashboard] Empty result set is returned correctly when attempting to fetch statistics for assignments (2),Yes,service/tests/dashboard/test_EI_R34_edge_student_dashboard.py
EI-E1439,Edge_Student_Dashboard,EI-T686,[Dashboard] Empty result set is returned correctly when attempting to fetch statistics for classes (2),Yes,service/tests/dashboard/test_EI_R34_edge_student_dashboard.py
EI-E1440,Edge_Student_Dashboard,EI-T690,[Dashboard] Empty result set is returned correctly when attempting to fetch statistics for classes (3),Yes,service/tests/dashboard/test_EI_R34_edge_student_dashboard.py
EI-E1441,Edge_Student_Dashboard,EI-T677,[Dashboard] Expired bearer token is rejected when attempting to fetch my achievement badges,Yes,service/tests/dashboard/test_EI_R34_edge_student_dashboard.py
EI-E1442,Edge_Student_Dashboard,EI-T681,[Dashboard] Expired bearer token is rejected when attempting to fetch my GPA (overall + per-class),Yes,service/tests/dashboard/test_EI_R34_edge_student_dashboard.py
EI-E1443,Edge_Student_Dashboard,EI-T679,[Dashboard] Expired bearer token is rejected when attempting to fetch my grade distribution (histogram buckets),Yes,service/tests/dashboard/test_EI_R34_edge_student_dashboard.py
EI-E1444,Edge_Student_Dashboard,EI-T687,[Dashboard] Expired bearer token is rejected when attempting to fetch statistics for assignments (2),Yes,service/tests/dashboard/test_EI_R34_edge_student_dashboard.py
EI-E1445,Edge_Student_Dashboard,EI-T685,[Dashboard] Expired bearer token is rejected when attempting to fetch statistics for classes (2),Yes,service/tests/dashboard/test_EI_R34_edge_student_dashboard.py
EI-E1446,Edge_Student_Dashboard,EI-T689,[Dashboard] Expired bearer token is rejected when attempting to fetch statistics for classes (3),Yes,service/tests/dashboard/test_EI_R34_edge_student_dashboard.py
EI-E1447,Edge_Student_Dashboard,EI-T684,[Dashboard] Expired bearer token is rejected when attempting to fetch upcoming assignments by due date,Yes,service/tests/dashboard/test_EI_R34_edge_student_dashboard.py
EI-E1448,Edge_Student_Dashboard,EI-T683,[Dashboard] Out-of-range 'limit' value is handled safely when attempting to fetch upcoming assignments by due date,Yes,service/tests/dashboard/test_EI_R34_edge_student_dashboard.py
EI-E1449,Edge_Student_Classes,EI-T703,[Classes] Expired bearer token is rejected when attempting to cancel a pending request to join a class,Yes,service/tests/account/test_zephyr_edge_expired_bearer_sweep.py; service/tests/classes/test_EI_R35_edge_student_classes.py
EI-E1450,Edge_Student_Classes,EI-T692,[Classes] Expired bearer token is rejected when attempting to fetch all classes I am enrolled in,Yes,service/tests/account/test_zephyr_edge_expired_bearer_sweep.py; service/tests/classes/test_EI_R35_edge_student_classes.py
EI-E1451,Edge_Student_Classes,EI-T697,[Classes] Expired bearer token is rejected when attempting to join a class using its code,Yes,service/tests/account/test_zephyr_edge_expired_bearer_sweep.py; service/tests/classes/test_EI_R35_edge_student_classes.py
EI-E1452,Edge_Student_Classes,EI-T700,[Classes] Expired bearer token is rejected when attempting to request to leave a class,Yes,service/tests/account/test_zephyr_edge_expired_bearer_sweep.py; service/tests/classes/test_EI_R35_edge_student_classes.py
EI-E1453,Edge_Student_Classes,EI-T701,[Classes] Malformed class code identifier is rejected when attempting to cancel a pending request to join a class,Yes,service/tests/classes/test_EI_R35_edge_student_classes.py
EI-E1454,Edge_Student_Classes,EI-T693,[Classes] Malformed class code identifier is rejected when attempting to fetch a class by its code (2),Yes,service/tests/classes/test_EI_R35_edge_student_classes.py
EI-E1455,Edge_Student_Classes,EI-T695,[Classes] Malformed class code identifier is rejected when attempting to join a class using its code,Yes,service/tests/classes/test_EI_R35_edge_student_classes.py
EI-E1456,Edge_Student_Classes,EI-T698,[Classes] Malformed class code identifier is rejected when attempting to request to leave a class,Yes,service/tests/classes/test_EI_R35_edge_student_classes.py
EI-E1457,Edge_Student_Classes,EI-T704,[Classes] Malformed class identifier is rejected when attempting to fetch class announcements,Yes,service/tests/classes/test_EI_R35_edge_student_classes.py
EI-E1458,Edge_Student_Classes,EI-T691,[Classes] Out-of-range 'page_num' value is handled safely when attempting to fetch all classes I am enrolled in,Yes,service/tests/classes/test_EI_R35_edge_student_classes.py
EI-E1459,Edge_Student_Classes,EI-T702,[Classes] Unknown class code identifier returns not found when attempting to cancel a pending request to join a class,Yes,service/tests/classes/test_EI_R35_edge_student_classes.py
EI-E1460,Edge_Student_Classes,EI-T694,[Classes] Unknown class code identifier returns not found when attempting to fetch a class by its code (2),Yes,service/tests/classes/test_EI_R35_edge_student_classes.py
EI-E1461,Edge_Student_Classes,EI-T696,[Classes] Unknown class code identifier returns not found when attempting to join a class using its code,Yes,service/tests/classes/test_EI_R35_edge_student_classes.py
EI-E1462,Edge_Student_Classes,EI-T699,[Classes] Unknown class code identifier returns not found when attempting to request to leave a class,Yes,service/tests/classes/test_EI_R35_edge_student_classes.py
EI-E1463,Edge_Student_Classes,EI-T705,[Classes] Unknown class identifier returns not found when attempting to fetch class announcements,Yes,service/tests/classes/test_EI_R35_edge_student_classes.py
EI-E1464,Edge_Student_Assignments,EI-T724,[Assignments] Expired bearer token is rejected when attempting to report a browser-lockdown violation for an assignment attempt,Yes,service/tests/assignment/test_EI_R36_edge_student_assignments.py
EI-E1465,Edge_Student_Assignments,EI-T716,[Assignments] Expired bearer token is rejected when attempting to save all my answers for an assignment,Yes,service/tests/account/test_zephyr_edge_expired_bearer_sweep.py; service/tests/assignment/test_take_assignment_student_flow.py
EI-E1466,Edge_Student_Assignments,EI-T720,[Assignments] Expired bearer token is rejected when attempting to submit an answer for an assignment,Yes,service/tests/account/test_zephyr_edge_expired_bearer_sweep.py; service/tests/assignment/test_take_assignment_submit_flow.py
EI-E1467,Edge_Student_Assignments,EI-T712,[Assignments] Malformed assignment identifier is rejected when attempting to answer a specific assignment,Yes,service/tests/assignment/test_EI_R36_edge_student_assignments.py
EI-E1468,Edge_Student_Assignments,EI-T710,[Assignments] Malformed assignment identifier is rejected when attempting to fetch a specific assignment,Yes,service/tests/assignment/test_EI_R36_edge_student_assignments.py
EI-E1469,Edge_Student_Assignments,EI-T726,[Assignments] Malformed assignment identifier is rejected when attempting to fetch a specific submission for review,Yes,service/tests/assignment/test_EI_R36_edge_student_assignments.py
EI-E1470,Edge_Student_Assignments,EI-T706,[Assignments] Malformed class code identifier is rejected when attempting to fetch all assignments,Yes,service/tests/assignment/test_EI_1114_student_assignments_fetch_all_class_code.py
EI-E1471,Edge_Student_Assignments,EI-T708,[Assignments] Malformed class code identifier is rejected when attempting to fetch my total average grade for a class,Yes,service/tests/assignment/test_EI_R36_edge_student_assignments.py
EI-E1472,Edge_Student_Assignments,EI-T714,[Assignments] Omitting the required field 'answers' is rejected when attempting to save all my answers for an assignment,Yes,service/tests/assignment/test_EI_R36_edge_student_assignments.py
EI-E1473,Edge_Student_Assignments,EI-T718,[Assignments] Omitting the required field 'answers' is rejected when attempting to submit an answer for an assignment,Yes,service/tests/assignment/test_EI_R36_edge_student_assignments.py
EI-E1474,Edge_Student_Assignments,EI-T722,[Assignments] Omitting the required field 'type' is rejected when attempting to report a browser-lockdown violation for an assignment attempt,Yes,service/tests/assignment/test_student_assignment_violations.py
EI-E1475,Edge_Student_Assignments,EI-T717,[Assignments] Script payload in 'answers' is neutralised when attempting to save all my answers for an assignment,Yes,service/tests/assignment/test_take_assignment_student_flow.py
EI-E1476,Edge_Student_Assignments,EI-T721,[Assignments] Script payload in 'answers' is neutralised when attempting to submit an answer for an assignment,Yes,service/tests/assignment/test_take_assignment_submit_flow.py
EI-E1477,Edge_Student_Assignments,EI-T725,[Assignments] Script payload in 'type' is neutralised when attempting to report a browser-lockdown violation for an assignment attempt,Yes,service/tests/assignment/test_student_assignment_violations.py
EI-E1478,Edge_Student_Assignments,EI-T713,[Assignments] Unknown assignment identifier returns not found when attempting to answer a specific assignment,Yes,service/tests/assignment/test_take_assignment_submit_flow.py
EI-E1479,Edge_Student_Assignments,EI-T711,[Assignments] Unknown assignment identifier returns not found when attempting to fetch a specific assignment,Yes,service/tests/assignment/test_EI_R36_edge_student_assignments.py
EI-E1480,Edge_Student_Assignments,EI-T727,[Assignments] Unknown assignment identifier returns not found when attempting to fetch a specific submission for review,Yes,service/tests/assignment/test_EI_R36_edge_student_assignments.py
EI-E1481,Edge_Student_Assignments,EI-T723,[Assignments] Unknown assignment identifier returns not found when attempting to report a browser-lockdown violation for an assignment attempt,Yes,service/tests/assignment/test_student_assignment_violations.py
EI-E1482,Edge_Student_Assignments,EI-T715,[Assignments] Unknown assignment identifier returns not found when attempting to save all my answers for an assignment,Yes,service/tests/assignment/test_take_assignment_student_flow.py
EI-E1483,Edge_Student_Assignments,EI-T719,[Assignments] Unknown assignment identifier returns not found when attempting to submit an answer for an assignment,Yes,service/tests/assignment/test_EI_R36_edge_student_assignments.py
EI-E1484,Edge_Student_Assignments,EI-T707,[Assignments] Unknown class code identifier returns not found when attempting to fetch all assignments,Yes,service/tests/assignment/test_EI_1114_student_assignments_fetch_all_class_code.py
EI-E1485,Edge_Student_Assignments,EI-T709,[Assignments] Unknown class code identifier returns not found when attempting to fetch my total average grade for a class,Yes,service/tests/assignment/test_student_grade_average.py
EI-E1486,Edge_Student_Theme,EI-T731,[Theme] Duplicate submission does not create a duplicate theme (2),Yes,service/tests/theme/test_EI_R30_edge_teacher_theme.py; service/tests/theme/test_EI_R37_edge_student_theme.py
EI-E1487,Edge_Student_Theme,EI-T729,[Theme] Empty result set is returned correctly when attempting to get current profile theme information (2),Yes,service/tests/dashboard/test_EI_R34_edge_student_dashboard.py; service/tests/theme/test_EI_R30_edge_teacher_theme.py; service/tests/theme/test_EI_R37_edge_student_theme.py
EI-E1488,Edge_Student_Theme,EI-T732,[Theme] Expired bearer token is rejected when attempting to apply a new theme to profile (2),Yes,service/tests/theme/test_EI_R37_edge_student_theme.py
EI-E1489,Edge_Student_Theme,EI-T739,[Theme] Expired bearer token is rejected when attempting to delete theme and revert to default (2),Yes,service/tests/theme/test_EI_R37_edge_student_theme.py
EI-E1490,Edge_Student_Theme,EI-T728,[Theme] Expired bearer token is rejected when attempting to get current profile theme information (2),Yes,service/tests/theme/test_EI_R37_edge_student_theme.py
EI-E1491,Edge_Student_Theme,EI-T736,[Theme] Expired bearer token is rejected when attempting to update current theme settings (2),Yes,service/tests/theme/test_EI_R37_edge_student_theme.py
EI-E1492,Edge_Student_Theme,EI-T730,[Theme] Omitting the required field 'theme_id' is rejected when attempting to apply a new theme to profile (2),Yes,service/tests/theme/test_EI_R30_edge_teacher_theme.py; service/tests/theme/test_EI_R37_edge_student_theme.py
EI-E1493,Edge_Student_Theme,EI-T734,[Theme] Omitting the required field 'theme_name' is rejected when attempting to update current theme settings (2),Yes,service/tests/theme/test_EI_R30_edge_teacher_theme.py; service/tests/theme/test_EI_R37_edge_student_theme.py
EI-E1494,Edge_Student_Theme,EI-T740,[Theme] Removing a theme with dependent records leaves no orphaned data (2),Yes,service/tests/theme/test_EI_R30_edge_teacher_theme.py; service/tests/theme/test_EI_R37_edge_student_theme.py
EI-E1495,Edge_Student_Theme,EI-T738,[Theme] Repeating the removal of an already deleted theme is handled safely (2),Yes,service/tests/theme/test_EI_R30_edge_teacher_theme.py; service/tests/theme/test_EI_R37_edge_student_theme.py; service/tests/theme/test_zephyr_edge_student_repeat_removal.py
EI-E1496,Edge_Student_Theme,EI-T733,[Theme] Script payload in 'theme_id' is neutralised when attempting to apply a new theme to profile (2),Yes,service/tests/theme/test_EI_R37_edge_student_theme.py
EI-E1497,Edge_Student_Theme,EI-T737,[Theme] Script payload in 'theme_name' is neutralised when attempting to update current theme settings (2),Yes,service/tests/theme/test_EI_R30_edge_teacher_theme.py; service/tests/theme/test_EI_R37_edge_student_theme.py
EI-E1498,Edge_Student_Theme,EI-T735,[Theme] Simultaneous updates to one theme resolve deterministically (2),Yes,service/tests/assignment/test_EI_R29_edge_teacher_assignments.py; service/tests/theme/test_EI_R30_edge_teacher_theme.py; service/tests/theme/test_EI_R37_edge_student_theme.py
EI-E1499,Edge_Student_Features,EI-T750,[Features] Empty result set is returned correctly when attempting to retrieve district subscription plan for the authenticated student,Yes,service/tests/features/test_EI_R38_edge_student_features_empty.py
EI-E1500,Edge_Student_Features,EI-T742,[Features] Empty result set is returned correctly when attempting to retrieve effective feature flags for the authenticated student,Yes,service/tests/unit/test_request_log_redaction.py
EI-E1501,Edge_Student_Features,EI-T746,[Features] Empty result set is returned correctly when attempting to retrieve school and district plan for the authenticated student,Yes,service/tests/features/test_EI_R38_edge_student_features_empty.py
EI-E1502,Edge_Student_Features,EI-T748,[Features] Empty result set is returned correctly when attempting to retrieve school details for the authenticated student,Yes,service/tests/features/test_EI_R38_edge_student_features_empty.py
EI-E1503,Edge_Student_Features,EI-T749,[Features] Expired bearer token is rejected when attempting to retrieve district subscription plan for the authenticated student,Yes,service/tests/features/test_zephyr_edge_student_features_expired_bearer.py
EI-E1504,Edge_Student_Features,EI-T741,[Features] Expired bearer token is rejected when attempting to retrieve effective feature flags for the authenticated student,Yes,service/tests/features/test_zephyr_edge_student_features_expired_bearer.py
EI-E1505,Edge_Student_Features,EI-T745,[Features] Expired bearer token is rejected when attempting to retrieve school and district plan for the authenticated student,Yes,service/tests/features/test_zephyr_edge_student_features_expired_bearer.py
EI-E1506,Edge_Student_Features,EI-T747,[Features] Expired bearer token is rejected when attempting to retrieve school details for the authenticated student,Yes,service/tests/features/test_zephyr_edge_student_features_expired_bearer.py
EI-E1507,Edge_Student_Features,EI-T743,[Features] Malformed feature name identifier is rejected when attempting to get effective status for a single feature (2),Yes,service/tests/features/test_zephyr_edge_student_feature_identifiers.py
EI-E1508,Edge_Student_Features,EI-T744,[Features] Unknown feature name identifier returns not found when attempting to get effective status for a single feature (2),Yes,service/tests/features/test_zephyr_edge_student_feature_identifiers.py
EI-E1509,Edge_Shared_Assignments,EI-T752,[Assignments] Duplicate submission does not create a duplicate assignment (3),Yes,service/tests/assignment/test_EI_R39_edge_shared_assignments.py
EI-E1510,Edge_Shared_Assignments,EI-T760,[Assignments] Duplicate submission does not create a duplicate assignment (4),Yes,service/tests/assignment/test_EI_R39_edge_shared_assignments.py
EI-E1511,Edge_Shared_Assignments,EI-T766,[Assignments] Duplicate submission does not create a duplicate assignment (5),Yes,service/tests/assignment/test_EI_R39_edge_shared_assignments.py
EI-E1512,Edge_Shared_Assignments,EI-T761,[Assignments] Expired bearer token is rejected when attempting to answer assignment,Yes,service/tests/account/test_zephyr_edge_expired_bearer_sweep_2.py
EI-E1513,Edge_Shared_Assignments,EI-T753,[Assignments] Expired bearer token is rejected when attempting to create new assignment,Yes,service/tests/account/test_zephyr_edge_expired_bearer_sweep_2.py; service/tests/assignment/test_EI_R39_edge_shared_assignments.py
EI-E1514,Edge_Shared_Assignments,EI-T777,[Assignments] Expired bearer token is rejected when attempting to delete assignment by ID,Yes,service/tests/account/test_zephyr_edge_expired_bearer_sweep_2.py
EI-E1515,Edge_Shared_Assignments,EI-T767,[Assignments] Expired bearer token is rejected when attempting to share assignment,Yes,service/tests/account/test_zephyr_edge_expired_bearer_sweep_2.py
EI-E1516,Edge_Shared_Assignments,EI-T773,[Assignments] Expired bearer token is rejected when attempting to update assignment details,Yes,service/tests/account/test_zephyr_edge_expired_bearer_sweep_2.py
EI-E1517,Edge_Shared_Assignments,EI-T775,[Assignments] Malformed assignment identifier is rejected when attempting to delete assignment by ID,Yes,service/tests/assignment/test_EI_R39_edge_shared_assignments.py
EI-E1518,Edge_Shared_Assignments,EI-T755,[Assignments] Malformed assignment identifier is rejected when attempting to get specific assignment by ID,Yes,service/tests/assignment/test_EI_R39_edge_shared_assignments.py
EI-E1519,Edge_Shared_Assignments,EI-T757,[Assignments] Malformed assignment identifier is rejected when attempting to retrieve adoptive Next Item,Yes,service/tests/assignment/test_EI_R39_edge_shared_assignments_part2.py
EI-E1520,Edge_Shared_Assignments,EI-T769,[Assignments] Malformed assignment identifier is rejected when attempting to show assignment analytics,Yes,service/tests/assignment/test_EI_R39_edge_shared_assignments.py
EI-E1521,Edge_Shared_Assignments,EI-T763,[Assignments] Malformed submission identifier is rejected when attempting to review submission,Yes,service/tests/assignment/test_EI_R39_edge_shared_assignments.py
EI-E1522,Edge_Shared_Assignments,EI-T759,[Assignments] Omitting the required field 'assignment_id' is rejected when attempting to answer assignment,Yes,service/tests/assignment/test_EI_R39_edge_shared_assignments.py
EI-E1523,Edge_Shared_Assignments,EI-T751,[Assignments] Omitting the required field 'semester' is rejected when attempting to create new assignment,Yes,service/tests/assignment/test_EI_R39_edge_shared_assignments.py
EI-E1524,Edge_Shared_Assignments,EI-T771,[Assignments] Omitting the required field 'semester' is rejected when attempting to update assignment details,Yes,service/tests/assignment/test_EI_R39_edge_shared_assignments.py
EI-E1525,Edge_Shared_Assignments,EI-T765,[Assignments] Omitting the required field 'type' is rejected when attempting to share assignment,Yes,service/tests/assignment/test_EI_R39_edge_shared_assignments.py
EI-E1526,Edge_Shared_Assignments,EI-T762,[Assignments] Script payload in 'assignment_id' is neutralised when attempting to answer assignment,Yes,service/tests/assignment/test_EI_R39_edge_shared_assignments.py
EI-E1527,Edge_Shared_Assignments,EI-T754,[Assignments] Script payload in 'semester' is neutralised when attempting to create new assignment,Yes,service/tests/assignment/test_EI_R39_edge_shared_assignments_part2.py
EI-E1528,Edge_Shared_Assignments,EI-T774,[Assignments] Script payload in 'semester' is neutralised when attempting to update assignment details,Yes,service/tests/assignment/test_EI_R39_edge_shared_assignments_part2.py
EI-E1529,Edge_Shared_Assignments,EI-T768,[Assignments] Script payload in 'type' is neutralised when attempting to share assignment,Yes,service/tests/assignment/test_EI_R39_edge_shared_assignments.py
EI-E1530,Edge_Shared_Assignments,EI-T776,[Assignments] Unknown assignment identifier returns not found when attempting to delete assignment by ID,Yes,service/tests/assignment/test_EI_R39_edge_shared_assignments_part2.py
EI-E1531,Edge_Shared_Assignments,EI-T756,[Assignments] Unknown assignment identifier returns not found when attempting to get specific assignment by ID,Yes,service/tests/assignment/test_EI_R39_edge_shared_assignments_part2.py
EI-E1532,Edge_Shared_Assignments,EI-T758,[Assignments] Unknown assignment identifier returns not found when attempting to retrieve adoptive Next Item,Yes,service/tests/assignment/test_EI_R39_edge_shared_assignments_part2.py
EI-E1533,Edge_Shared_Assignments,EI-T770,[Assignments] Unknown assignment identifier returns not found when attempting to show assignment analytics,Yes,service/tests/assignment/test_EI_R39_edge_shared_assignments_part2.py
EI-E1534,Edge_Shared_Assignments,EI-T772,[Assignments] Unknown assignment identifier returns not found when attempting to update assignment details,Yes,service/tests/assignment/test_EI_R39_edge_shared_assignments_part2.py
EI-E1535,Edge_Shared_Assignments,EI-T764,[Assignments] Unknown submission identifier returns not found when attempting to review submission,Yes,service/tests/assignment/test_EI_R39_edge_shared_assignments_part2.py
EI-E1536,Positive_Auth_Login,EI-T1,User authenticates with valid email and password and receives an access token,Yes,service/tests/account/test_zephyr_positive_auth_login_profile.py
EI-E1537,Positive_Auth_Session,EI-T2,Session is rotated using the httpOnly refresh-token cookie,Yes,service/tests/account/test_EI_T2_session_rotation_refresh_token_cookie.py
EI-E1538,Positive_Auth_Session,EI-T3,User logs out and the refresh token is revoked with session cookies cleared,Yes,service/tests/account/test_EI_T3_logout_revokes_refresh_token_clears_cookies.py
EI-E1539,Positive_Auth_Profile,EI-T4,Authenticated user retrieves their current profile,Yes,service/tests/account/test_zephyr_positive_auth_login_profile.py
EI-E1540,Positive_Auth_Password Reset,EI-T4,Authenticated user retrieves their current profile,Yes,service/tests/account/test_zephyr_positive_auth_login_profile.py
EI-E1541,Positive_Teacher_Accounts,EI-T7,Teacher adds a profile picture when none exists,Yes,service/tests/account/test_EI_R44_positive_teacher_accounts.py
EI-E1542,Positive_Teacher_Accounts,EI-T11,Teacher changes their password by supplying the current password,Yes,service/tests/account/test_EI_R44_positive_teacher_accounts.py
EI-E1543,Positive_Teacher_Accounts,EI-T9,Teacher deletes their profile picture using a matching teacher identifier,Yes,service/services/teacher/account_service.py; service/tests/account/test_EI_R44_positive_teacher_accounts.py
EI-E1544,Positive_Teacher_Accounts,EI-T6,Teacher searches for users by name or email filtered by role,Yes,service/services/teacher/account_service.py; service/tests/account/test_EI_R44_positive_teacher_accounts.py
EI-E1545,Positive_Teacher_Accounts,EI-T8,Teacher updates an existing profile picture,Yes,service/tests/account/test_EI_R44_positive_teacher_accounts.py
EI-E1546,Positive_Teacher_Accounts,EI-T10,Teacher updates their own account information,Yes,service/tests/account/test_EI_R44_positive_teacher_accounts.py
EI-E1547,Positive_Teacher_Dashboard,EI-T14,Teacher fetches assignment statistics for the dashboard,Yes,service/tests/dashboard/test_EI_R45_positive_teacher_dashboard.py
EI-E1548,Positive_Teacher_Dashboard,EI-T12,Teacher fetches class statistics for the dashboard,Yes,service/tests/dashboard/test_EI_R45_positive_teacher_dashboard.py
EI-E1549,Positive_Teacher_Dashboard,EI-T13,Teacher fetches student statistics for the dashboard,Yes,service/tests/dashboard/test_EI_R45_positive_teacher_dashboard.py
EI-E1550,Positive_Teacher_Dashboard,EI-T15,Teacher fetches submission statistics for the dashboard,Yes,service/tests/dashboard/test_EI_R45_positive_teacher_dashboard.py
EI-E1551,Positive_Teacher_Classes,EI-T30,Teacher accepts a student's request to join a class,Yes,service/tests/classes/test_EI_R46_positive_teacher_classes.py
EI-E1552,Positive_Teacher_Classes,EI-T32,Teacher approves a student's request to leave a class,Yes,service/tests/classes/test_EI_R46_positive_teacher_classes.py
EI-E1553,Positive_Teacher_Classes,EI-T20,Teacher creates a class announcement,Yes,service/tests/classes/test_EI_R46_positive_teacher_classes.py
EI-E1554,Positive_Teacher_Classes,EI-T16,Teacher creates a new class with required details and schedules,Yes,service/tests/classes/test_EI_R46_positive_teacher_classes.py
EI-E1555,Positive_Teacher_Classes,EI-T25,Teacher deletes a class,Yes,service/tests/classes/test_EI_R46_positive_teacher_classes.py
EI-E1556,Positive_Teacher_Classes,EI-T21,Teacher deletes a class announcement,Yes,service/tests/classes/test_EI_R46_positive_teacher_classes.py
EI-E1557,Positive_Teacher_Classes,EI-T18,Teacher fetches a single class by its class code,Yes,service/tests/classes/test_EI_R46_positive_teacher_classes.py
EI-E1558,Positive_Teacher_Classes,EI-T17,Teacher fetches all classes with pagination applied,Yes,service/tests/classes/test_teacher_class_messages_find_assignments.py
EI-E1559,Positive_Teacher_Classes,EI-T19,Teacher fetches the announcements for a specific class,Yes,service/tests/classes/test_EI_R46_positive_teacher_classes.py
EI-E1560,Positive_Teacher_Classes,EI-T33,Teacher fetches the assignments belonging to a specific class,Yes,service/tests/classes/test_EI_R46_positive_teacher_classes.py
EI-E1561,Positive_Teacher_Classes,EI-T22,Teacher fetches the gradebook for a class,Yes,service/tests/classes/test_EI_R46_positive_teacher_classes.py
EI-E1562,Positive_Teacher_Classes,EI-T23,Teacher fetches the student roster for a class,Yes,service/tests/classes/test_EI_R46_positive_teacher_classes.py
EI-E1563,Positive_Teacher_Classes,EI-T31,Teacher removes a student from a class,Yes,service/tests/classes/test_EI_R46_positive_teacher_classes.py
EI-E1564,Positive_Teacher_Classes,EI-T28,Teacher removes the cover photo from a class card,Yes,service/tests/classes/test_teacher_class_photo_lifecycle.py
EI-E1565,Positive_Teacher_Classes,EI-T27,Teacher replaces the cover photo on a class card,Yes,service/tests/classes/test_teacher_class_photo_lifecycle.py
EI-E1566,Positive_Teacher_Classes,EI-T29,Teacher restores a soft-deleted class,Yes,service/tests/classes/test_EI_R46_positive_teacher_classes.py
EI-E1567,Positive_Teacher_Classes,EI-T24,Teacher updates the details of an existing class,Yes,service/tests/classes/test_teacher_class_update_details.py
EI-E1568,Positive_Teacher_Classes,EI-T26,Teacher uploads a cover photo for a class card,Yes,service/tests/classes/test_teacher_class_photo_lifecycle.py
EI-E1569,Positive_Teacher_Question,EI-T41,Teacher clears all applied question filters,Yes,service/tests/question/test_EI_R47_positive_teacher_question.py
EI-E1570,Positive_Teacher_Question,EI-T36,Teacher creates a new question in their question bank,Yes,service/tests/question/test_EI_R47_positive_teacher_question.py
EI-E1571,Positive_Teacher_Question,EI-T39,Teacher deletes a question from their bank,Yes,service/tests/question/test_EI_R47_positive_teacher_question.py
EI-E1572,Positive_Teacher_Question,EI-T37,Teacher fetches a specific question by its identifier,Yes,service/tests/question/test_EI_R47_positive_teacher_question.py
EI-E1573,Positive_Teacher_Question,EI-T34,Teacher fetches all accessible questions using catalogue filters,Yes,service/tests/question/test_EI_R47_positive_teacher_question.py
EI-E1574,Positive_Teacher_Question,EI-T35,Teacher fetches staff-authored questions using catalogue filters,Yes,service/tests/question/test_EI_R47_positive_teacher_question.py
EI-E1575,Positive_Teacher_Question,EI-T40,Teacher retrieves question filter options with result counts,Yes,service/tests/question/test_EI_R47_positive_teacher_question.py
EI-E1576,Positive_Teacher_Question,EI-T38,Teacher updates an existing question,Yes,service/tests/question/test_EI_R47_positive_teacher_question.py
EI-E1577,Positive_Teacher_Question,EI-T42,Teacher uploads an image to embed in a question,Yes,service/tests/questions/test_zephyr_positive_question_image_upload.py
EI-E1578,Positive_Teacher_Question Impact,EI-T47,Teacher commits a reviewed import and the questions are created,Yes,service/tests/question-import/test_EI_R48_positive_question_import_commit_gap.py
EI-E1579,Positive_Teacher_Question Impact,EI-T44,Teacher pastes a single question and an import job is started,Yes,service/tests/question-import/test_EI_T43_upload_question_file_starts_import_job.py; service/tests/question-import/test_EI_T44_paste_single_question_starts_import_job.py
EI-E1580,Positive_Teacher_Question Impact,EI-T45,Teacher polls the progress of a question import job,Yes,service/tests/question-import/test_EI_T45_poll_import_job_progress.py
EI-E1581,Positive_Teacher_Question Impact,EI-T46,Teacher reviews the proposed questions from an import before anything is saved,Yes,service/tests/question-import/test_EI_T46_review_proposed_questions_before_save.py
EI-E1582,Positive_Teacher_Question Impact,EI-T43,Teacher uploads a question file and an import job is started,Yes,service/tests/question-import/test_EI_T43_upload_question_file_starts_import_job.py
EI-E1583,Positive_Teacher_Theme,EI-T49,Teacher applies a new theme to their profile,Yes,service/tests/theme/test_EI_R49_positive_teacher_theme.py
EI-E1584,Positive_Teacher_Theme,EI-T51,Teacher deletes their theme and reverts to the default,Yes,service/tests/theme/test_EI_R49_positive_teacher_theme.py
EI-E1585,Positive_Teacher_Theme,EI-T48,Teacher fetches their current profile theme,Yes,service/tests/theme/test_EI_R49_positive_teacher_theme.py
EI-E1586,Positive_Teacher_Theme,EI-T50,Teacher updates their current theme settings,Yes,service/tests/theme/test_EI_R49_positive_teacher_theme.py
EI-E1587,Positive_Teacher_Features,EI-T55,Teacher fetches the details of their school,Yes,service/tests/features/test_EI_R50_positive_teacher_features.py
EI-E1588,Positive_Teacher_Features,EI-T53,Teacher fetches the effective status of a single district feature,Yes,service/tests/features/test_EI_R50_positive_teacher_features.py
EI-E1589,Positive_Teacher_Features,EI-T57,Teacher fetches the teacher-made assignment quota for a class,Yes,service/tests/features/test_EI_R50_positive_teacher_features.py
EI-E1590,Positive_Teacher_Features,EI-T56,Teacher fetches their district subscription plan,Yes,service/tests/features/test_EI_R50_positive_teacher_features.py
EI-E1591,Positive_Teacher_Features,EI-T52,Teacher fetches their effective feature flags,Yes,service/tests/features/test_EI_R50_positive_teacher_features.py
EI-E1592,Positive_Teacher_Features,EI-T54,Teacher fetches their school and district plan information,Yes,service/tests/features/test_EI_R50_positive_teacher_features.py
EI-E1593,Positive_Teacher_Assignments,EI-T119,Analytics are returned for a specific assignment,Yes,service/tests/assignment/test_EI_R51_positive_teacher_assignments.py
EI-E1594,Positive_Teacher_Assignments,EI-T120,Assignment details are updated through the shared assignments service,Yes,service/tests/assignment/test_EI_R51_positive_teacher_assignments.py
EI-E1595,Positive_Teacher_Assignments,EI-T121,Assignment is deleted through the shared assignments service,Yes,service/tests/assignment/test_EI_R51_positive_teacher_assignments.py
EI-E1596,Positive_Teacher_Assignments,EI-T118,Assignment is shared with another user,Yes,service/tests/assignment/test_EI_R51_positive_teacher_assignments.py
EI-E1597,Positive_Teacher_Assignments,EI-T113,New assignment is created through the shared assignments service,Yes,service/tests/assignment/test_EI_R51_positive_teacher_assignments.py
EI-E1598,Positive_Teacher_Assignments,EI-T114,Specific assignment is retrieved by its identifier through the shared service,Yes,service/tests/assignment/test_EI_R51_positive_teacher_assignments.py
EI-E1599,Positive_Teacher_Assignments,EI-T117,Submission is retrieved for review by its submission identifier,Yes,service/tests/assignment/test_EI_R51_positive_teacher_assignments.py
EI-E1600,Positive_Teacher_Assignments,EI-T70,Teacher adds a comment on a student's answer to a question,Yes,service/tests/assignment/test_EI_R51_positive_teacher_assignments.py
EI-E1601,Positive_Teacher_Assignments,EI-T74,Teacher approves a pending late submission with a late penalty,Yes,service/tests/assignment/test_EI_R51_positive_teacher_assignments.py
EI-E1602,Positive_Teacher_Assignments,EI-T58,Teacher creates a new assignment with required details and questions,Yes,service/tests/assignment/test_EI_R51_positive_teacher_assignments.py
EI-E1603,Positive_Teacher_Assignments,EI-T60,Teacher creates an assignment on behalf of staff,Yes,service/tests/assignment/test_EI_R51_positive_teacher_assignments.py
EI-E1604,Positive_Teacher_Assignments,EI-T66,Teacher deletes an assignment,Yes,service/tests/assignment/test_EI_R51_positive_teacher_assignments.py
EI-E1605,Positive_Teacher_Assignments,EI-T72,Teacher deletes their comment on a student's answer,Yes,service/tests/assignment/test_EI_R51_positive_teacher_assignments.py
EI-E1606,Positive_Teacher_Assignments,EI-T62,Teacher fetches a single staff-created assignment by its identifier,Yes,service/tests/assignment/test_EI_R51_positive_teacher_assignments.py
EI-E1607,Positive_Teacher_Assignments,EI-T59,Teacher fetches all assignments created for a class,Yes,service/tests/assignment/test_EI_R51_positive_teacher_assignments.py
EI-E1608,Positive_Teacher_Assignments,EI-T69,Teacher fetches an individual student's submission for an assignment,Yes,service/tests/assignment/test_EI_R51_positive_teacher_assignments.py
EI-E1609,Positive_Teacher_Assignments,EI-T68,Teacher fetches item analysis analytics for an assignment,Yes,service/tests/assignment/test_EI_R51_positive_teacher_assignments.py
EI-E1610,Positive_Teacher_Assignments,EI-T63,Teacher fetches one of their own created assignments,Yes,service/tests/assignment/test_EI_R51_positive_teacher_assignments.py
EI-E1611,Positive_Teacher_Assignments,EI-T67,Teacher fetches the analytics summary for an assignment,Yes,service/tests/assignment/test_EI_R51_positive_teacher_assignments.py
EI-E1612,Positive_Teacher_Assignments,EI-T61,Teacher fetches the catalogue of staff-created assignments,Yes,service/tests/assignment/test_EI_R51_positive_teacher_assignments.py
EI-E1613,Positive_Teacher_Assignments,EI-T73,Teacher lists pending late submissions for an assignment,Yes,service/tests/assignment/test_EI_R51_positive_teacher_assignments.py
EI-E1614,Positive_Teacher_Assignments,EI-T65,Teacher overrides a question's point value for a single assignment,Yes,service/tests/assignment/test_EI_R51_positive_teacher_assignments.py
EI-E1615,Positive_Teacher_Assignments,EI-T75,Teacher rejects a pending late submission with a reason,Yes,service/tests/assignment/test_EI_R51_positive_teacher_assignments.py
EI-E1616,Positive_Teacher_Assignments,EI-T64,Teacher updates an existing assignment's details,Yes,service/tests/assignment/test_EI_R51_positive_teacher_assignments.py
EI-E1617,Positive_Teacher_Assignments,EI-T71,Teacher updates their existing comment on a student's answer,Yes,service/tests/assignment/test_EI_R51_positive_teacher_assignments.py
EI-E1618,Positive_Student_Accounts,EI-T79,Student adds a profile picture when none exists,Yes,service/tests/account/test_EI_R52_positive_student_accounts.py
EI-E1619,Positive_Student_Accounts,EI-T82,Student changes their password by supplying the current password,Yes,service/tests/account/test_EI_R52_positive_student_accounts.py
EI-E1620,Positive_Student_Accounts,EI-T81,Student deletes their profile picture,Yes,service/tests/account/test_EI_R52_positive_student_accounts.py
EI-E1621,Positive_Student_Accounts,EI-T76,Student fetches their own account data,Yes,service/tests/account/test_EI_R52_positive_student_accounts.py
EI-E1622,Positive_Student_Accounts,EI-T77,Student searches for teachers by name with pagination,Yes,service/tests/account/test_EI_R52_positive_student_accounts.py
EI-E1623,Positive_Student_Accounts,EI-T80,Student updates an existing profile picture,Yes,service/tests/account/test_EI_R52_positive_student_accounts.py
EI-E1624,Positive_Student_Accounts,EI-T78,Student updates their contact person information,Yes,service/tests/account/test_EI_R52_positive_student_accounts.py
EI-E1625,Positive_Student_Dashboard,EI-T88,Student fetches assignment statistics for the dashboard,Yes,service/tests/dashboard/test_EI_R15_negative_student_dashboard.py
EI-E1626,Positive_Student_Dashboard,EI-T87,Student fetches class statistics for the dashboard,Yes,service/tests/dashboard/test_student_dashboard_statistics.py
EI-E1627,Positive_Student_Dashboard,EI-T89,Student fetches submission statistics for the dashboard,Yes,service/tests/dashboard/test_EI_R15_negative_student_dashboard.py
EI-E1628,Positive_Student_Dashboard,EI-T83,Student fetches their achievement badges,Yes,service/tests/dashboard/test_EI_R15_negative_student_dashboard.py
EI-E1629,Positive_Student_Dashboard,EI-T84,Student fetches their grade distribution as histogram buckets,Yes,service/tests/dashboard/test_EI_R15_negative_student_dashboard.py
EI-E1630,Positive_Student_Dashboard,EI-T85,Student fetches their overall and per-class GPA,Yes,service/tests/dashboard/test_EI_R15_negative_student_dashboard.py
EI-E1631,Positive_Student_Dashboard,EI-T86,Student fetches upcoming assignments for the dashboard calendar,Yes,service/tests/dashboard/test_EI_R15_negative_student_dashboard.py
EI-E1632,Positive_Student_Classes,EI-T94,Student cancels a pending request to join a class,Yes,service/tests/classes/test_EI_R54_positive_student_classes.py
EI-E1633,Positive_Student_Classes,EI-T90,Student fetches all classes they are enrolled in with pagination,Yes,service/tests/classes/test_EI_R54_positive_student_classes.py
EI-E1634,Positive_Student_Classes,EI-T91,Student fetches an enrolled class by its class code,Yes,service/tests/classes/test_EI_R54_positive_student_classes.py
EI-E1635,Positive_Student_Classes,EI-T95,Student fetches the announcements for a class they are enrolled in,Yes,service/tests/classes/test_EI_R54_positive_student_classes.py
EI-E1636,Positive_Student_Classes,EI-T92,Student joins a class using its class code,Yes,service/tests/classes/test_EI_R54_positive_student_classes.py
EI-E1637,Positive_Student_Classes,EI-T93,Student requests to leave a class,Yes,service/tests/classes/test_EI_R54_positive_student_classes.py
EI-E1638,Positive_Student_Assignments,EI-T115,Next adaptive item is served based on the previous response,Yes,service/tests/assignment/test_next_adaptive_item_served.py
EI-E1639,Positive_Student_Assignments,EI-T96,Student fetches all assignments issued to a class,Yes,service/tests/assignment/test_EI_R55_positive_student_assignments.py
EI-E1640,Positive_Student_Assignments,EI-T98,Student fetches the details of a specific assignment,Yes,service/tests/assignment/test_EI_R55_positive_student_assignments.py
EI-E1641,Positive_Student_Assignments,EI-T99,Student fetches the questions for an assignment in order to answer it,Yes,service/tests/assignment/test_EI_R55_positive_student_assignments.py
EI-E1642,Positive_Student_Assignments,EI-T103,Student fetches their submission for an assignment to review it,Yes,service/tests/assignment/test_EI_R55_positive_student_assignments.py
EI-E1643,Positive_Student_Assignments,EI-T97,Student fetches their total average grade for a class,Yes,service/tests/assignment/test_EI_R55_positive_student_assignments.py
EI-E1644,Positive_Student_Assignments,EI-T102,Student reports a browser-lockdown violation during an assignment attempt,Yes,service/tests/assignment/test_EI_R55_positive_student_assignments.py
EI-E1645,Positive_Student_Assignments,EI-T100,Student saves their answers for an assignment in progress,Yes,service/tests/assignment/test_EI_R55_positive_student_assignments.py
EI-E1646,Positive_Student_Assignments,EI-T116,Student submission is recorded through the shared answer service,Yes,service/tests/assignment/test_shared_answer_service_records_submission.py
EI-E1647,Positive_Student_Assignments,EI-T101,Student submits their answers for an assignment,Yes,service/tests/assignment/test_EI_R55_positive_student_assignments.py
EI-E1648,Positive_Student_Theme,EI-T105,Student applies a new theme to their profile,Yes,service/tests/theme/test_EI_R18_negative_student_theme_part2.py
EI-E1649,Positive_Student_Theme,EI-T107,Student deletes their theme and reverts to the default,Yes,service/tests/theme/test_student_theme_lifecycle.py
EI-E1650,Positive_Student_Theme,EI-T104,Student fetches their current profile theme,Yes,service/tests/theme/test_EI_T104_student_fetch_current_theme.py
EI-E1651,Positive_Student_Theme,EI-T106,Student updates their current theme settings,Yes,service/tests/theme/test_EI_R18_negative_student_theme_part2.py
EI-E1652,Positive_Student_Features,EI-T111,Student fetches the details of their school,Yes,service/tests/features/test_EI_R19_negative_student_features.py
EI-E1653,Positive_Student_Features,EI-T109,Student fetches the effective status of a single district feature,Yes,service/tests/features/test_EI_R19_negative_student_features.py
EI-E1654,Positive_Student_Features,EI-T112,Student fetches their district subscription plan,Yes,service/tests/features/test_EI_R19_negative_student_features.py
EI-E1655,Positive_Student_Features,EI-T108,Student fetches their effective feature flags,Yes,service/tests/features/test_EI_R19_negative_student_features.py
EI-E1656,Positive_Student_Features,EI-T110,Student fetches their school and district plan information,Yes,service/tests/features/test_EI_R19_negative_student_features.py
