Jira.Project,Execution.Key,Test Cycle.Key,,Test Cycle.Name,Test Case.Key,Test Case.Name
EI,EI-E782,EI-R2,Gelo,Negative_Auth_Login,EI-T124,Authenticating with credentials with an empty or over-length email value is rejected
EI,EI-E783,EI-R2,Gelo,Negative_Auth_Login,EI-T123,Authenticating with credentials with password supplied as the wrong data type is rejected
EI,EI-E784,EI-R2,Gelo,Negative_Auth_Login,EI-T122,Authenticating with credentials without the required email field is rejected
EI,EI-E785,EI-R3,Gelo,Negative_Auth_Session,EI-T126,Logging out with malformed request parameters returns no server error
EI,EI-E786,EI-R3,Gelo,Negative_Auth_Session,EI-T125,Rotating the session with malformed request parameters returns no server error
EI,EI-E787,EI-R4,Gelo,Negative_Auth_Profile,EI-T127,Fetching the current user profile with malformed request parameters returns no server error
EI,EI-E788,EI-R5,Gelo,Negative_Auth_Password Reset,EI-T130,Requesting a password reset with an empty or over-length email value is rejected
EI,EI-E789,EI-R5,Gelo,Negative_Auth_Password Reset,EI-T129,Requesting a password reset with email supplied as the wrong data type is rejected
EI,EI-E790,EI-R5,Gelo,Negative_Auth_Password Reset,EI-T128,Requesting a password reset without the required email field is rejected
EI,EI-E791,EI-R6,Gelo,Negative_Teacher_Account,EI-T134,Adding a teacher profile picture with an empty file and with an oversized file is rejected
EI,EI-E792,EI-R6,Gelo,Negative_Teacher_Account,EI-T133,Adding a teacher profile picture with an unsupported file type is rejected
EI,EI-E793,EI-R6,Gelo,Negative_Teacher_Account,EI-T132,Adding a teacher profile picture with no file attached is rejected
EI,EI-E794,EI-R6,Gelo,Negative_Teacher_Account,EI-T145,Changing a teacher password with an empty or over-length new_password value is rejected
EI,EI-E795,EI-R6,Gelo,Negative_Teacher_Account,EI-T144,Changing a teacher password with new_password supplied as the wrong data type is rejected
EI,EI-E796,EI-R6,Gelo,Negative_Teacher_Account,EI-T143,Changing a teacher password without the required current_password field is rejected
EI,EI-E797,EI-R6,Gelo,Negative_Teacher_Account,EI-T138,Deleting a teacher profile picture with a malformed teacherId value is rejected
EI,EI-E798,EI-R6,Gelo,Negative_Teacher_Account,EI-T131,Searching for users with a malformed search value is rejected
EI,EI-E799,EI-R6,Gelo,Negative_Teacher_Account,EI-T137,Updating a teacher profile picture with an empty file and with an oversized file is rejected
EI,EI-E800,EI-R6,Gelo,Negative_Teacher_Account,EI-T136,Updating a teacher profile picture with an unsupported file type is rejected
EI,EI-E801,EI-R6,Gelo,Negative_Teacher_Account,EI-T135,Updating a teacher profile picture with no file attached is rejected
EI,EI-E802,EI-R6,Gelo,Negative_Teacher_Account,EI-T142,Updating teacher account information with a malformed teacher identifier is rejected
EI,EI-E803,EI-R6,Gelo,Negative_Teacher_Account,EI-T141,Updating teacher account information with an empty payload and with an oversized payload is rejected
EI,EI-E804,EI-R6,Gelo,Negative_Teacher_Account,EI-T140,Updating teacher account information with the email supplied as the wrong data type is rejected
EI,EI-E805,EI-R6,Gelo,Negative_Teacher_Account,EI-T139,Updating teacher account information without the required first_name is rejected
EI,EI-E806,EI-R7,Gelo,Negative_Teacher_Dashboard,EI-T148,Fetching assignment statistics with malformed request parameters returns no server error
EI,EI-E807,EI-R7,Gelo,Negative_Teacher_Dashboard,EI-T146,Fetching class statistics with malformed request parameters returns no server error
EI,EI-E808,EI-R7,Gelo,Negative_Teacher_Dashboard,EI-T147,Fetching student statistics with malformed request parameters returns no server error
EI,EI-E809,EI-R7,Gelo,Negative_Teacher_Dashboard,EI-T149,Fetching submission statistics with malformed request parameters returns no server error
EI,EI-E810,EI-R8,Gelo,Negative_Teacher_Classes,EI-T194,Accepting a student join request with a malformed student identifier is rejected
EI,EI-E811,EI-R8,Gelo,Negative_Teacher_Classes,EI-T196,Accepting a student join request with an excessively long or unknown student identifier is rejected
EI,EI-E812,EI-R8,Gelo,Negative_Teacher_Classes,EI-T195,Accepting a student join request with the student identifier omitted is rejected
EI,EI-E813,EI-R8,Gelo,Negative_Teacher_Classes,EI-T183,Adding a class cover photo with a malformed class identifier is rejected
EI,EI-E814,EI-R8,Gelo,Negative_Teacher_Classes,EI-T182,Adding a class cover photo with an empty file and with an oversized file is rejected
EI,EI-E815,EI-R8,Gelo,Negative_Teacher_Classes,EI-T181,Adding a class cover photo with an unsupported file type is rejected
EI,EI-E816,EI-R8,Gelo,Negative_Teacher_Classes,EI-T180,Adding a class cover photo with no file attached is rejected
EI,EI-E817,EI-R8,Gelo,Negative_Teacher_Classes,EI-T203,Approving a student leave request with a malformed class identifier is rejected
EI,EI-E818,EI-R8,Gelo,Negative_Teacher_Classes,EI-T202,Approving a student leave request with a non-boolean is_granted value is rejected
EI,EI-E819,EI-R8,Gelo,Negative_Teacher_Classes,EI-T201,Approving a student leave request with is_granted supplied as the wrong data type is rejected
EI,EI-E820,EI-R8,Gelo,Negative_Teacher_Classes,EI-T200,Approving a student leave request without the required is_granted field is rejected
EI,EI-E821,EI-R8,Gelo,Negative_Teacher_Classes,EI-T152,Creating a class with an unsupported semester value is rejected
EI,EI-E822,EI-R8,Gelo,Negative_Teacher_Classes,EI-T151,Creating a class with schedules supplied as the wrong data type is rejected
EI,EI-E823,EI-R8,Gelo,Negative_Teacher_Classes,EI-T150,Creating a class without the required title field is rejected
EI,EI-E824,EI-R8,Gelo,Negative_Teacher_Classes,EI-T164,Deleting a class announcement with a malformed message identifier is rejected
EI,EI-E825,EI-R8,Gelo,Negative_Teacher_Classes,EI-T166,Deleting a class announcement with an excessively long or unknown message identifier is rejected
EI,EI-E826,EI-R8,Gelo,Negative_Teacher_Classes,EI-T165,Deleting a class announcement with the message identifier omitted is rejected
EI,EI-E827,EI-R8,Gelo,Negative_Teacher_Classes,EI-T188,Deleting a class cover photo with a malformed class identifier is rejected
EI,EI-E828,EI-R8,Gelo,Negative_Teacher_Classes,EI-T190,Deleting a class cover photo with an excessively long or unknown class identifier is rejected
EI,EI-E829,EI-R8,Gelo,Negative_Teacher_Classes,EI-T189,Deleting a class cover photo with the class identifier omitted is rejected
EI,EI-E830,EI-R8,Gelo,Negative_Teacher_Classes,EI-T177,Deleting a class with a malformed class identifier is rejected
EI,EI-E831,EI-R8,Gelo,Negative_Teacher_Classes,EI-T179,Deleting a class with an excessively long or unknown class identifier is rejected
EI,EI-E832,EI-R8,Gelo,Negative_Teacher_Classes,EI-T178,Deleting a class with the class identifier omitted is rejected
EI,EI-E833,EI-R8,Gelo,Negative_Teacher_Classes,EI-T154,Fetching a class by code with a malformed class code is rejected
EI,EI-E834,EI-R8,Gelo,Negative_Teacher_Classes,EI-T156,Fetching a class by code with an excessively long or unknown class code is rejected
EI,EI-E835,EI-R8,Gelo,Negative_Teacher_Classes,EI-T155,Fetching a class by code with the class code omitted is rejected
EI,EI-E836,EI-R8,Gelo,Negative_Teacher_Classes,EI-T167,Fetching a class gradebook with a malformed class code is rejected
EI,EI-E837,EI-R8,Gelo,Negative_Teacher_Classes,EI-T169,Fetching a class gradebook with an excessively long or unknown class code is rejected
EI,EI-E838,EI-R8,Gelo,Negative_Teacher_Classes,EI-T168,Fetching a class gradebook with the class code omitted is rejected
EI,EI-E839,EI-R8,Gelo,Negative_Teacher_Classes,EI-T170,Fetching a class roster with a malformed class identifier is rejected
EI,EI-E840,EI-R8,Gelo,Negative_Teacher_Classes,EI-T172,Fetching a class roster with an excessively long or unknown class identifier is rejected
EI,EI-E841,EI-R8,Gelo,Negative_Teacher_Classes,EI-T171,Fetching a class roster with the class identifier omitted is rejected
EI,EI-E842,EI-R8,Gelo,Negative_Teacher_Classes,EI-T153,Fetching all classes with non-numeric and out-of-range pagination values is rejected
EI,EI-E843,EI-R8,Gelo,Negative_Teacher_Classes,EI-T157,Fetching class announcements with a malformed class identifier is rejected
EI,EI-E844,EI-R8,Gelo,Negative_Teacher_Classes,EI-T159,Fetching class announcements with an excessively long or unknown class identifier is rejected
EI,EI-E845,EI-R8,Gelo,Negative_Teacher_Classes,EI-T158,Fetching class announcements with the class identifier omitted is rejected
EI,EI-E846,EI-R8,Gelo,Negative_Teacher_Classes,EI-T204,Fetching class assignments with a malformed class identifier is rejected
EI,EI-E847,EI-R8,Gelo,Negative_Teacher_Classes,EI-T206,Fetching class assignments with an excessively long or unknown class identifier is rejected
EI,EI-E848,EI-R8,Gelo,Negative_Teacher_Classes,EI-T205,Fetching class assignments with the class identifier omitted is rejected
EI,EI-E849,EI-R8,Gelo,Negative_Teacher_Classes,EI-T163,Posting a class announcement with a malformed class identifier is rejected
EI,EI-E850,EI-R8,Gelo,Negative_Teacher_Classes,EI-T162,Posting a class announcement with an empty or over-length content value is rejected
EI,EI-E851,EI-R8,Gelo,Negative_Teacher_Classes,EI-T161,Posting a class announcement with content supplied as the wrong data type is rejected
EI,EI-E852,EI-R8,Gelo,Negative_Teacher_Classes,EI-T160,Posting a class announcement without the required content field is rejected
EI,EI-E853,EI-R8,Gelo,Negative_Teacher_Classes,EI-T197,Removing a student from a class with a malformed student identifier is rejected
EI,EI-E854,EI-R8,Gelo,Negative_Teacher_Classes,EI-T199,Removing a student from a class with an excessively long or unknown student identifier is rejected
EI,EI-E855,EI-R8,Gelo,Negative_Teacher_Classes,EI-T198,Removing a student from a class with the student identifier omitted is rejected
EI,EI-E856,EI-R8,Gelo,Negative_Teacher_Classes,EI-T191,Restoring a soft-deleted class with a malformed class identifier is rejected
EI,EI-E857,EI-R8,Gelo,Negative_Teacher_Classes,EI-T193,Restoring a soft-deleted class with an excessively long or unknown class identifier is rejected
EI,EI-E858,EI-R8,Gelo,Negative_Teacher_Classes,EI-T192,Restoring a soft-deleted class with the class identifier omitted is rejected
EI,EI-E859,EI-R8,Gelo,Negative_Teacher_Classes,EI-T187,Updating a class cover photo with a malformed class identifier is rejected
EI,EI-E860,EI-R8,Gelo,Negative_Teacher_Classes,EI-T186,Updating a class cover photo with an empty file and with an oversized file is rejected
EI,EI-E861,EI-R8,Gelo,Negative_Teacher_Classes,EI-T185,Updating a class cover photo with an unsupported file type is rejected
EI,EI-E862,EI-R8,Gelo,Negative_Teacher_Classes,EI-T184,Updating a class cover photo with no file attached is rejected
EI,EI-E863,EI-R8,Gelo,Negative_Teacher_Classes,EI-T176,Updating class details with a malformed class identifier is rejected
EI,EI-E864,EI-R8,Gelo,Negative_Teacher_Classes,EI-T175,Updating class details with an unsupported semester value is rejected
EI,EI-E865,EI-R8,Gelo,Negative_Teacher_Classes,EI-T174,Updating class details with section supplied as the wrong data type is rejected
EI,EI-E866,EI-R8,Gelo,Negative_Teacher_Classes,EI-T173,Updating class details without the required title field is rejected
EI,EI-E867,EI-R9,Gelo,Negative_Teacher_Question,EI-T223,Clearing question filters with malformed request parameters returns no server error
EI,EI-E868,EI-R9,Gelo,Negative_Teacher_Question,EI-T211,Creating a question with an empty payload and with an oversized payload is rejected
EI,EI-E869,EI-R9,Gelo,Negative_Teacher_Question,EI-T210,Creating a question with the answer options supplied as the wrong data type is rejected
EI,EI-E870,EI-R9,Gelo,Negative_Teacher_Question,EI-T209,Creating a question without the required question stem is rejected
EI,EI-E871,EI-R9,Gelo,Negative_Teacher_Question,EI-T219,Deleting a question with a malformed question identifier is rejected
EI,EI-E872,EI-R9,Gelo,Negative_Teacher_Question,EI-T221,Deleting a question with an excessively long or unknown question identifier is rejected
EI,EI-E873,EI-R9,Gelo,Negative_Teacher_Question,EI-T220,Deleting a question with the question identifier omitted is rejected
EI,EI-E874,EI-R9,Gelo,Negative_Teacher_Question,EI-T212,Fetching a question by identifier with a malformed question identifier is rejected
EI,EI-E875,EI-R9,Gelo,Negative_Teacher_Question,EI-T214,Fetching a question by identifier with an excessively long or unknown question identifier is rejected
EI,EI-E876,EI-R9,Gelo,Negative_Teacher_Question,EI-T213,Fetching a question by identifier with the question identifier omitted is rejected
EI,EI-E877,EI-R9,Gelo,Negative_Teacher_Question,EI-T207,Fetching all questions with malformed filter values is rejected
EI,EI-E878,EI-R9,Gelo,Negative_Teacher_Question,EI-T222,Fetching question filter options with malformed request parameters returns no server error
EI,EI-E879,EI-R9,Gelo,Negative_Teacher_Question,EI-T208,Fetching staff questions with malformed filter values is rejected
EI,EI-E880,EI-R9,Gelo,Negative_Teacher_Question,EI-T218,Updating a question with a malformed question identifier is rejected
EI,EI-E881,EI-R9,Gelo,Negative_Teacher_Question,EI-T217,Updating a question with an empty payload and with an oversized payload is rejected
EI,EI-E882,EI-R9,Gelo,Negative_Teacher_Question,EI-T216,Updating a question with the answer options supplied as the wrong data type is rejected
EI,EI-E883,EI-R9,Gelo,Negative_Teacher_Question,EI-T215,Updating a question without the required question stem is rejected
EI,EI-E884,EI-R9,Gelo,Negative_Teacher_Question,EI-T226,Uploading a question image with an empty file and with an oversized file is rejected
EI,EI-E885,EI-R9,Gelo,Negative_Teacher_Question,EI-T225,Uploading a question image with an unsupported file type is rejected
EI,EI-E886,EI-R9,Gelo,Negative_Teacher_Question,EI-T224,Uploading a question image with no file attached is rejected
EI,EI-E887,EI-R10,Gelo,Negative_Teacher_Question Import,EI-T244,Committing a question import with a malformed import job identifier is rejected
EI,EI-E888,EI-R10,Gelo,Negative_Teacher_Question Import,EI-T243,Committing a question import with an empty payload and with an oversized payload is rejected
EI,EI-E889,EI-R10,Gelo,Negative_Teacher_Question Import,EI-T242,Committing a question import with the question stem supplied as the wrong data type is rejected
EI,EI-E890,EI-R10,Gelo,Negative_Teacher_Question Import,EI-T241,Committing a question import without the required question payload list is rejected
EI,EI-E891,EI-R10,Gelo,Negative_Teacher_Question Import,EI-T238,Fetching proposed import questions with a malformed import job identifier is rejected
EI,EI-E892,EI-R10,Gelo,Negative_Teacher_Question Import,EI-T240,Fetching proposed import questions with an excessively long or unknown import job identifier is rejected
EI,EI-E893,EI-R10,Gelo,Negative_Teacher_Question Import,EI-T239,Fetching proposed import questions with the import job identifier omitted is rejected
EI,EI-E894,EI-R10,Gelo,Negative_Teacher_Question Import,EI-T234,Importing a pasted question with an empty or over-length text value is rejected
EI,EI-E895,EI-R10,Gelo,Negative_Teacher_Question Import,EI-T233,Importing a pasted question with question_type supplied as the wrong data type is rejected
EI,EI-E896,EI-R10,Gelo,Negative_Teacher_Question Import,EI-T232,Importing a pasted question without the required text field is rejected
EI,EI-E897,EI-R10,Gelo,Negative_Teacher_Question Import,EI-T235,Polling an import job status with a malformed import job identifier is rejected
EI,EI-E898,EI-R10,Gelo,Negative_Teacher_Question Import,EI-T237,Polling an import job status with an excessively long or unknown import job identifier is rejected
EI,EI-E899,EI-R10,Gelo,Negative_Teacher_Question Import,EI-T236,Polling an import job status with the import job identifier omitted is rejected
EI,EI-E900,EI-R10,Gelo,Negative_Teacher_Question Import,EI-T229,Uploading a question import file with an empty file and with an oversized file is rejected
EI,EI-E901,EI-R10,Gelo,Negative_Teacher_Question Import,EI-T231,Uploading a question import file with an unrecognised question_type value is rejected
EI,EI-E902,EI-R10,Gelo,Negative_Teacher_Question Import,EI-T228,Uploading a question import file with an unsupported file type is rejected
EI,EI-E903,EI-R10,Gelo,Negative_Teacher_Question Import,EI-T227,Uploading a question import file with no file attached is rejected
EI,EI-E904,EI-R10,Gelo,Negative_Teacher_Question Import,EI-T230,Uploading a question import file with question_type omitted is rejected
EI,EI-E905,EI-R11,Gelo,Negative_Teacher_Assignments,EI-T283,Adding a comment on a student answer with a malformed question identifier is rejected
EI,EI-E906,EI-R11,Gelo,Negative_Teacher_Assignments,EI-T282,Adding a comment on a student answer with an empty or over-length comment value is rejected
EI,EI-E907,EI-R11,Gelo,Negative_Teacher_Assignments,EI-T281,Adding a comment on a student answer with comment supplied as the wrong data type is rejected
EI,EI-E908,EI-R11,Gelo,Negative_Teacher_Assignments,EI-T280,Adding a comment on a student answer without the required comment field is rejected
EI,EI-E909,EI-R11,Gelo,Negative_Teacher_Assignments,EI-T296,Approving a late submission with a malformed submission identifier is rejected
EI,EI-E910,EI-R11,Gelo,Negative_Teacher_Assignments,EI-T295,Approving a late submission with late_penalty outside its accepted range is rejected
EI,EI-E911,EI-R11,Gelo,Negative_Teacher_Assignments,EI-T294,Approving a late submission with late_penalty supplied as the wrong data type is rejected
EI,EI-E912,EI-R11,Gelo,Negative_Teacher_Assignments,EI-T253,Creating a staff assignment with an unsupported type value is rejected
EI,EI-E913,EI-R11,Gelo,Negative_Teacher_Assignments,EI-T252,Creating a staff assignment with questions supplied as the wrong data type is rejected
EI,EI-E914,EI-R11,Gelo,Negative_Teacher_Assignments,EI-T251,Creating a staff assignment without the required description field is rejected
EI,EI-E915,EI-R11,Gelo,Negative_Teacher_Assignments,EI-T395,Creating an assignment through the shared service with an unsupported type value is rejected
EI,EI-E916,EI-R11,Gelo,Negative_Teacher_Assignments,EI-T394,Creating an assignment through the shared service with questions supplied as the wrong data type is rejected
EI,EI-E917,EI-R11,Gelo,Negative_Teacher_Assignments,EI-T393,Creating an assignment through the shared service without the required questions field is rejected
EI,EI-E918,EI-R11,Gelo,Negative_Teacher_Assignments,EI-T247,Creating an assignment with an unsupported type value is rejected
EI,EI-E919,EI-R11,Gelo,Negative_Teacher_Assignments,EI-T246,Creating an assignment with questions supplied as the wrong data type is rejected
EI,EI-E920,EI-R11,Gelo,Negative_Teacher_Assignments,EI-T245,Creating an assignment without the required title field is rejected
EI,EI-E921,EI-R11,Gelo,Negative_Teacher_Assignments,EI-T288,Deleting a comment on a student answer with a malformed question identifier is rejected
EI,EI-E922,EI-R11,Gelo,Negative_Teacher_Assignments,EI-T290,Deleting a comment on a student answer with an excessively long or unknown question identifier is rejected
EI,EI-E923,EI-R11,Gelo,Negative_Teacher_Assignments,EI-T289,Deleting a comment on a student answer with the question identifier omitted is rejected
EI,EI-E924,EI-R11,Gelo,Negative_Teacher_Assignments,EI-T418,Deleting an assignment through the shared service with a malformed assignment_uuid value is rejected
EI,EI-E925,EI-R11,Gelo,Negative_Teacher_Assignments,EI-T417,Deleting an assignment through the shared service without the required assignment_uuid parameter is rejected
EI,EI-E926,EI-R11,Gelo,Negative_Teacher_Assignments,EI-T268,Deleting an assignment with a malformed assignment identifier is rejected
EI,EI-E927,EI-R11,Gelo,Negative_Teacher_Assignments,EI-T270,Deleting an assignment with an excessively long or unknown assignment identifier is rejected
EI,EI-E928,EI-R11,Gelo,Negative_Teacher_Assignments,EI-T269,Deleting an assignment with the assignment identifier omitted is rejected
EI,EI-E929,EI-R11,Gelo,Negative_Teacher_Assignments,EI-T255,Fetching a staff assignment with a malformed assignment identifier is rejected
EI,EI-E930,EI-R11,Gelo,Negative_Teacher_Assignments,EI-T257,Fetching a staff assignment with an excessively long or unknown assignment identifier is rejected
EI,EI-E931,EI-R11,Gelo,Negative_Teacher_Assignments,EI-T256,Fetching a staff assignment with the assignment identifier omitted is rejected
EI,EI-E932,EI-R11,Gelo,Negative_Teacher_Assignments,EI-T277,Fetching a student submission with a malformed student identifier is rejected
EI,EI-E933,EI-R11,Gelo,Negative_Teacher_Assignments,EI-T279,Fetching a student submission with an excessively long or unknown student identifier is rejected
EI,EI-E934,EI-R11,Gelo,Negative_Teacher_Assignments,EI-T278,Fetching a student submission with the student identifier omitted is rejected
EI,EI-E935,EI-R11,Gelo,Negative_Teacher_Assignments,EI-T258,Fetching a teacher assignment with a malformed assignment identifier is rejected
EI,EI-E936,EI-R11,Gelo,Negative_Teacher_Assignments,EI-T260,Fetching a teacher assignment with an excessively long or unknown assignment identifier is rejected
EI,EI-E937,EI-R11,Gelo,Negative_Teacher_Assignments,EI-T259,Fetching a teacher assignment with the assignment identifier omitted is rejected
EI,EI-E938,EI-R11,Gelo,Negative_Teacher_Assignments,EI-T254,Fetching all staff assignments with malformed request parameters returns no server error
EI,EI-E939,EI-R11,Gelo,Negative_Teacher_Assignments,EI-T271,Fetching assignment analytics summary with a malformed assignment identifier is rejected
EI,EI-E940,EI-R11,Gelo,Negative_Teacher_Assignments,EI-T273,Fetching assignment analytics summary with an excessively long or unknown assignment identifier is rejected
EI,EI-E941,EI-R11,Gelo,Negative_Teacher_Assignments,EI-T272,Fetching assignment analytics summary with the assignment identifier omitted is rejected
EI,EI-E942,EI-R11,Gelo,Negative_Teacher_Assignments,EI-T274,Fetching assignment item analysis with a malformed assignment identifier is rejected
EI,EI-E943,EI-R11,Gelo,Negative_Teacher_Assignments,EI-T276,Fetching assignment item analysis with an excessively long or unknown assignment identifier is rejected
EI,EI-E944,EI-R11,Gelo,Negative_Teacher_Assignments,EI-T275,Fetching assignment item analysis with the assignment identifier omitted is rejected
EI,EI-E945,EI-R11,Gelo,Negative_Teacher_Assignments,EI-T248,Fetching class assignments for a teacher with a malformed class code is rejected
EI,EI-E946,EI-R11,Gelo,Negative_Teacher_Assignments,EI-T250,Fetching class assignments for a teacher with an excessively long or unknown class code is rejected
EI,EI-E947,EI-R11,Gelo,Negative_Teacher_Assignments,EI-T249,Fetching class assignments for a teacher with the class code omitted is rejected
EI,EI-E948,EI-R11,Gelo,Negative_Teacher_Assignments,EI-T411,Fetching shared assignment analytics with a malformed assignment identifier is rejected
EI,EI-E949,EI-R11,Gelo,Negative_Teacher_Assignments,EI-T413,Fetching shared assignment analytics with an excessively long or unknown assignment identifier is rejected
EI,EI-E950,EI-R11,Gelo,Negative_Teacher_Assignments,EI-T412,Fetching shared assignment analytics with the assignment identifier omitted is rejected
EI,EI-E951,EI-R11,Gelo,Negative_Teacher_Assignments,EI-T291,Listing pending late submissions with a malformed assignment identifier is rejected
EI,EI-E952,EI-R11,Gelo,Negative_Teacher_Assignments,EI-T293,Listing pending late submissions with an excessively long or unknown assignment identifier is rejected
EI,EI-E953,EI-R11,Gelo,Negative_Teacher_Assignments,EI-T292,Listing pending late submissions with the assignment identifier omitted is rejected
EI,EI-E954,EI-R11,Gelo,Negative_Teacher_Assignments,EI-T267,Overriding a question point value with a malformed assignment identifier is rejected
EI,EI-E955,EI-R11,Gelo,Negative_Teacher_Assignments,EI-T266,Overriding a question point value with points outside its accepted range is rejected
EI,EI-E956,EI-R11,Gelo,Negative_Teacher_Assignments,EI-T265,Overriding a question point value with points supplied as the wrong data type is rejected
EI,EI-E957,EI-R11,Gelo,Negative_Teacher_Assignments,EI-T264,Overriding a question point value without the required points field is rejected
EI,EI-E958,EI-R11,Gelo,Negative_Teacher_Assignments,EI-T299,Rejecting a late submission with a malformed submission identifier is rejected
EI,EI-E959,EI-R11,Gelo,Negative_Teacher_Assignments,EI-T298,Rejecting a late submission with an empty or over-length reason value is rejected
EI,EI-E960,EI-R11,Gelo,Negative_Teacher_Assignments,EI-T297,Rejecting a late submission with reason supplied as the wrong data type is rejected
EI,EI-E961,EI-R11,Gelo,Negative_Teacher_Assignments,EI-T405,Retrieving a submission for review with a malformed submission identifier is rejected
EI,EI-E962,EI-R11,Gelo,Negative_Teacher_Assignments,EI-T407,Retrieving a submission for review with an excessively long or unknown submission identifier is rejected
EI,EI-E963,EI-R11,Gelo,Negative_Teacher_Assignments,EI-T406,Retrieving a submission for review with the submission identifier omitted is rejected
EI,EI-E964,EI-R11,Gelo,Negative_Teacher_Assignments,EI-T396,Retrieving an assignment through the shared service with a malformed assignment identifier is rejected
EI,EI-E965,EI-R11,Gelo,Negative_Teacher_Assignments,EI-T398,Retrieving an assignment through the shared service with an excessively long or unknown assignment identifier is rejected
EI,EI-E966,EI-R11,Gelo,Negative_Teacher_Assignments,EI-T397,Retrieving an assignment through the shared service with the assignment identifier omitted is rejected
EI,EI-E967,EI-R11,Gelo,Negative_Teacher_Assignments,EI-T410,Sharing an assignment with an empty or over-length description value is rejected
EI,EI-E968,EI-R11,Gelo,Negative_Teacher_Assignments,EI-T409,Sharing an assignment with object_id supplied as the wrong data type is rejected
EI,EI-E969,EI-R11,Gelo,Negative_Teacher_Assignments,EI-T408,Sharing an assignment without the required recipient_id field is rejected
EI,EI-E970,EI-R11,Gelo,Negative_Teacher_Assignments,EI-T287,Updating a comment on a student answer with a malformed question identifier is rejected
EI,EI-E971,EI-R11,Gelo,Negative_Teacher_Assignments,EI-T286,Updating a comment on a student answer with an empty or over-length comment value is rejected
EI,EI-E972,EI-R11,Gelo,Negative_Teacher_Assignments,EI-T285,Updating a comment on a student answer with comment supplied as the wrong data type is rejected
EI,EI-E973,EI-R11,Gelo,Negative_Teacher_Assignments,EI-T284,Updating a comment on a student answer without the required comment field is rejected
EI,EI-E974,EI-R11,Gelo,Negative_Teacher_Assignments,EI-T416,Updating an assignment through the shared service with a malformed assignment identifier is rejected
EI,EI-E975,EI-R11,Gelo,Negative_Teacher_Assignments,EI-T415,Updating an assignment through the shared service with passing_grade outside its accepted range is rejected
EI,EI-E976,EI-R11,Gelo,Negative_Teacher_Assignments,EI-T414,Updating an assignment through the shared service with questions supplied as the wrong data type is rejected
EI,EI-E977,EI-R11,Gelo,Negative_Teacher_Assignments,EI-T263,Updating an assignment with a malformed assignment identifier is rejected
EI,EI-E978,EI-R11,Gelo,Negative_Teacher_Assignments,EI-T262,Updating an assignment with passing_grade outside its accepted range is rejected
EI,EI-E979,EI-R11,Gelo,Negative_Teacher_Assignments,EI-T261,Updating an assignment with questions supplied as the wrong data type is rejected
EI,EI-E980,EI-R12,Gelo,Negative_Teacher_Theme,EI-T303,Applying a teacher theme with an empty or over-length theme_id value is rejected
EI,EI-E981,EI-R12,Gelo,Negative_Teacher_Theme,EI-T302,Applying a teacher theme with color_mode supplied as the wrong data type is rejected
EI,EI-E982,EI-R12,Gelo,Negative_Teacher_Theme,EI-T301,Applying a teacher theme without the required theme_id field is rejected
EI,EI-E983,EI-R12,Gelo,Negative_Teacher_Theme,EI-T306,Deleting a teacher theme with malformed request parameters returns no server error
EI,EI-E984,EI-R12,Gelo,Negative_Teacher_Theme,EI-T300,Fetching a teacher theme with malformed request parameters returns no server error
EI,EI-E985,EI-R12,Gelo,Negative_Teacher_Theme,EI-T305,Updating teacher theme settings with an empty or over-length theme_name value is rejected
EI,EI-E986,EI-R12,Gelo,Negative_Teacher_Theme,EI-T304,Updating teacher theme settings with colors supplied as the wrong data type is rejected
EI,EI-E987,EI-R13,Gelo,Negative_Teacher_Features,EI-T308,Fetching a single feature status for a teacher with a malformed feature name is rejected
EI,EI-E988,EI-R13,Gelo,Negative_Teacher_Features,EI-T310,Fetching a single feature status for a teacher with an excessively long or unknown feature name is rejected
EI,EI-E989,EI-R13,Gelo,Negative_Teacher_Features,EI-T309,Fetching a single feature status for a teacher with the feature name omitted is rejected
EI,EI-E990,EI-R13,Gelo,Negative_Teacher_Features,EI-T314,Fetching a teacher assignment quota with a malformed class_code value is rejected
EI,EI-E991,EI-R13,Gelo,Negative_Teacher_Features,EI-T313,Fetching a teacher district plan with malformed request parameters returns no server error
EI,EI-E992,EI-R13,Gelo,Negative_Teacher_Features,EI-T307,Fetching teacher feature flags with malformed request parameters returns no server error
EI,EI-E993,EI-R13,Gelo,Negative_Teacher_Features,EI-T311,Fetching teacher organisation details with malformed request parameters returns no server error
EI,EI-E994,EI-R13,Gelo,Negative_Teacher_Features,EI-T312,Fetching teacher school details with malformed request parameters returns no server error
EI,EI-E995,EI-R14,Trishia,Negative_Student_Accounts,EI-T322,Adding a student profile picture with an empty file and with an oversized file is rejected
EI,EI-E996,EI-R14,Trishia,Negative_Student_Accounts,EI-T321,Adding a student profile picture with an unsupported file type is rejected
EI,EI-E997,EI-R14,Trishia,Negative_Student_Accounts,EI-T320,Adding a student profile picture with no file attached is rejected
EI,EI-E998,EI-R14,Trishia,Negative_Student_Accounts,EI-T329,Changing a student password with an empty or over-length new_password value is rejected
EI,EI-E999,EI-R14,Trishia,Negative_Student_Accounts,EI-T328,Changing a student password with new_password supplied as the wrong data type is rejected
EI,EI-E1000,EI-R14,Trishia,Negative_Student_Accounts,EI-T327,Changing a student password without the required current_password field is rejected
EI,EI-E1001,EI-R14,Trishia,Negative_Student_Accounts,EI-T326,Deleting a student profile picture with malformed request parameters returns no server error
EI,EI-E1002,EI-R14,Trishia,Negative_Student_Accounts,EI-T315,Fetching a student account with a malformed id value is rejected
EI,EI-E1003,EI-R14,Trishia,Negative_Student_Accounts,EI-T316,Searching for teachers with non-numeric and out-of-range pagination values is rejected
EI,EI-E1004,EI-R14,Trishia,Negative_Student_Accounts,EI-T325,Updating a student profile picture with an empty file and with an oversized file is rejected
EI,EI-E1005,EI-R14,Trishia,Negative_Student_Accounts,EI-T324,Updating a student profile picture with an unsupported file type is rejected
EI,EI-E1006,EI-R14,Trishia,Negative_Student_Accounts,EI-T323,Updating a student profile picture with no file attached is rejected
EI,EI-E1007,EI-R14,Trishia,Negative_Student_Accounts,EI-T319,Updating student contact person details with an empty or over-length first_name value is rejected
EI,EI-E1008,EI-R14,Trishia,Negative_Student_Accounts,EI-T318,Updating student contact person details with phone_number supplied as the wrong data type is rejected
EI,EI-E1009,EI-R14,Trishia,Negative_Student_Accounts,EI-T317,Updating student contact person details without the required relationship field is rejected
EI,EI-E1010,EI-R15,Gelo,Negative_Student_Dashboard,EI-T331,Fetching a grade distribution with malformed request parameters returns no server error
EI,EI-E1011,EI-R15,Gelo,Negative_Student_Dashboard,EI-T332,Fetching a student GPA with malformed request parameters returns no server error
EI,EI-E1012,EI-R15,Gelo,Negative_Student_Dashboard,EI-T330,Fetching achievement badges with malformed request parameters returns no server error
EI,EI-E1013,EI-R15,Gelo,Negative_Student_Dashboard,EI-T335,Fetching student assignment statistics with malformed request parameters returns no server error
EI,EI-E1014,EI-R15,Gelo,Negative_Student_Dashboard,EI-T334,Fetching student class statistics with malformed request parameters returns no server error
EI,EI-E1015,EI-R15,Gelo,Negative_Student_Dashboard,EI-T336,Fetching student submission statistics with malformed request parameters returns no server error
EI,EI-E1016,EI-R15,Gelo,Negative_Student_Dashboard,EI-T333,Fetching upcoming assignments with an out-of-range limit value is rejected
EI,EI-E1017,EI-R16,Jim,Negative_Student_Classes,EI-T347,Cancelling a pending join request with a malformed class code is rejected
EI,EI-E1018,EI-R16,Jim,Negative_Student_Classes,EI-T349,Cancelling a pending join request with an excessively long or unknown class code is rejected
EI,EI-E1019,EI-R16,Jim,Negative_Student_Classes,EI-T348,Cancelling a pending join request with the class code omitted is rejected
EI,EI-E1020,EI-R16,Jim,Negative_Student_Classes,EI-T338,Fetching an enrolled class by code with a malformed class code is rejected
EI,EI-E1021,EI-R16,Jim,Negative_Student_Classes,EI-T340,Fetching an enrolled class by code with an excessively long or unknown class code is rejected
EI,EI-E1022,EI-R16,Jim,Negative_Student_Classes,EI-T339,Fetching an enrolled class by code with the class code omitted is rejected
EI,EI-E1023,EI-R16,Jim,Negative_Student_Classes,EI-T350,Fetching class announcements as a student with a malformed class identifier is rejected
EI,EI-E1024,EI-R16,Jim,Negative_Student_Classes,EI-T352,Fetching class announcements as a student with an excessively long or unknown class identifier is rejected
EI,EI-E1025,EI-R16,Jim,Negative_Student_Classes,EI-T351,Fetching class announcements as a student with the class identifier omitted is rejected
EI,EI-E1026,EI-R16,Jim,Negative_Student_Classes,EI-T337,Fetching enrolled classes with non-numeric and out-of-range pagination values is rejected
EI,EI-E1027,EI-R16,Jim,Negative_Student_Classes,EI-T341,Joining a class with a malformed class code is rejected
EI,EI-E1028,EI-R16,Jim,Negative_Student_Classes,EI-T343,Joining a class with an excessively long or unknown class code is rejected
EI,EI-E1029,EI-R16,Jim,Negative_Student_Classes,EI-T342,Joining a class with the class code omitted is rejected
EI,EI-E1030,EI-R16,Jim,Negative_Student_Classes,EI-T344,Requesting to leave a class with a malformed class code is rejected
EI,EI-E1031,EI-R16,Jim,Negative_Student_Classes,EI-T346,Requesting to leave a class with an excessively long or unknown class code is rejected
EI,EI-E1032,EI-R16,Jim,Negative_Student_Classes,EI-T345,Requesting to leave a class with the class code omitted is rejected
EI,EI-E1033,EI-R17,Paul,Negative_Student_Assignments,EI-T356,Fetching a class average grade with a malformed class code is rejected
EI,EI-E1034,EI-R17,Paul,Negative_Student_Assignments,EI-T358,Fetching a class average grade with an excessively long or unknown class code is rejected
EI,EI-E1035,EI-R17,Paul,Negative_Student_Assignments,EI-T357,Fetching a class average grade with the class code omitted is rejected
EI,EI-E1036,EI-R17,Paul,Negative_Student_Assignments,EI-T376,Fetching a student submission for review with a malformed assignment identifier is rejected
EI,EI-E1037,EI-R17,Paul,Negative_Student_Assignments,EI-T378,Fetching a student submission for review with an excessively long or unknown assignment identifier is rejected
EI,EI-E1038,EI-R17,Paul,Negative_Student_Assignments,EI-T377,Fetching a student submission for review with the assignment identifier omitted is rejected
EI,EI-E1039,EI-R17,Paul,Negative_Student_Assignments,EI-T359,Fetching an assignment as a student with a malformed assignment identifier is rejected
EI,EI-E1040,EI-R17,Paul,Negative_Student_Assignments,EI-T361,Fetching an assignment as a student with an excessively long or unknown assignment identifier is rejected
EI,EI-E1041,EI-R17,Paul,Negative_Student_Assignments,EI-T360,Fetching an assignment as a student with the assignment identifier omitted is rejected
EI,EI-E1042,EI-R17,Paul,Negative_Student_Assignments,EI-T362,Fetching assignment questions with a malformed assignment identifier is rejected
EI,EI-E1043,EI-R17,Paul,Negative_Student_Assignments,EI-T364,Fetching assignment questions with an excessively long or unknown assignment identifier is rejected
EI,EI-E1044,EI-R17,Paul,Negative_Student_Assignments,EI-T363,Fetching assignment questions with the assignment identifier omitted is rejected
EI,EI-E1045,EI-R17,Paul,Negative_Student_Assignments,EI-T353,Fetching class assignments as a student with a malformed class code is rejected
EI,EI-E1046,EI-R17,Paul,Negative_Student_Assignments,EI-T355,Fetching class assignments as a student with an excessively long or unknown class code is rejected
EI,EI-E1047,EI-R17,Paul,Negative_Student_Assignments,EI-T354,Fetching class assignments as a student with the class code omitted is rejected
EI,EI-E1048,EI-R17,Paul,Negative_Student_Assignments,EI-T375,Reporting a lockdown violation with a malformed assignment identifier is rejected
EI,EI-E1049,EI-R17,Paul,Negative_Student_Assignments,EI-T374,Reporting a lockdown violation with an empty or over-length type value is rejected
EI,EI-E1050,EI-R17,Paul,Negative_Student_Assignments,EI-T373,Reporting a lockdown violation with type supplied as the wrong data type is rejected
EI,EI-E1051,EI-R17,Paul,Negative_Student_Assignments,EI-T401,Requesting the next adaptive item with a malformed assignment identifier is rejected
EI,EI-E1052,EI-R17,Paul,Negative_Student_Assignments,EI-T400,Requesting the next adaptive item with a malformed question_classification value is rejected
EI,EI-E1053,EI-R17,Paul,Negative_Student_Assignments,EI-T399,Requesting the next adaptive item without the required prev_difficulty parameter is rejected
EI,EI-E1054,EI-R17,Paul,Negative_Student_Assignments,EI-T368,Saving assignment answers with a malformed assignment identifier is rejected
EI,EI-E1055,EI-R17,Paul,Negative_Student_Assignments,EI-T367,Saving assignment answers with an empty answers array is rejected
EI,EI-E1056,EI-R17,Paul,Negative_Student_Assignments,EI-T366,Saving assignment answers with answers supplied as the wrong data type is rejected
EI,EI-E1057,EI-R17,Paul,Negative_Student_Assignments,EI-T365,Saving assignment answers without the required answers field is rejected
EI,EI-E1058,EI-R17,Paul,Negative_Student_Assignments,EI-T404,Submitting an answer through the shared service with an empty answers array is rejected
EI,EI-E1059,EI-R17,Paul,Negative_Student_Assignments,EI-T403,Submitting an answer through the shared service with answers supplied as the wrong data type is rejected
EI,EI-E1060,EI-R17,Paul,Negative_Student_Assignments,EI-T402,Submitting an answer through the shared service without the required assignment_id field is rejected
EI,EI-E1061,EI-R17,Paul,Negative_Student_Assignments,EI-T372,Submitting assignment answers with a malformed assignment identifier is rejected
EI,EI-E1062,EI-R17,Paul,Negative_Student_Assignments,EI-T371,Submitting assignment answers with an empty answers array is rejected
EI,EI-E1063,EI-R17,Paul,Negative_Student_Assignments,EI-T370,Submitting assignment answers with answers supplied as the wrong data type is rejected
EI,EI-E1064,EI-R17,Paul,Negative_Student_Assignments,EI-T369,Submitting assignment answers without the required answers field is rejected
EI,EI-E1065,EI-R18,Paul,Negative_Student_Theme,EI-T382,Applying a student theme with an empty or over-length theme_id value is rejected
EI,EI-E1066,EI-R18,Paul,Negative_Student_Theme,EI-T381,Applying a student theme with color_mode supplied as the wrong data type is rejected
EI,EI-E1067,EI-R18,Paul,Negative_Student_Theme,EI-T380,Applying a student theme without the required theme_id field is rejected
EI,EI-E1068,EI-R18,Paul,Negative_Student_Theme,EI-T385,Deleting a student theme with malformed request parameters returns no server error
EI,EI-E1069,EI-R18,Paul,Negative_Student_Theme,EI-T379,Fetching a student theme with malformed request parameters returns no server error
EI,EI-E1070,EI-R18,Paul,Negative_Student_Theme,EI-T384,Updating student theme settings with an empty or over-length theme_name value is rejected
EI,EI-E1071,EI-R18,Paul,Negative_Student_Theme,EI-T383,Updating student theme settings with colors supplied as the wrong data type is rejected
EI,EI-E1072,EI-R19,Paul,Negative_Student_Features,EI-T387,Fetching a single feature status for a student with a malformed feature name is rejected
EI,EI-E1073,EI-R19,Paul,Negative_Student_Features,EI-T389,Fetching a single feature status for a student with an excessively long or unknown feature name is rejected
EI,EI-E1074,EI-R19,Paul,Negative_Student_Features,EI-T388,Fetching a single feature status for a student with the feature name omitted is rejected
EI,EI-E1075,EI-R19,Paul,Negative_Student_Features,EI-T392,Fetching a student district plan with malformed request parameters returns no server error
EI,EI-E1076,EI-R19,Paul,Negative_Student_Features,EI-T386,Fetching student feature flags with malformed request parameters returns no server error
EI,EI-E1077,EI-R19,Paul,Negative_Student_Features,EI-T390,Fetching student organisation details with malformed request parameters returns no server error
EI,EI-E1078,EI-R19,Paul,Negative_Student_Features,EI-T391,Fetching student school details with malformed request parameters returns no server error
EI,EI-E1079,EI-R20,,Edge_System_Health,EI-T419,[Health] Health probe reflects a downstream dependency outage
EI,EI-E1080,EI-R20,,Edge_System_Health,EI-T421,[Health] Health probe reflects a downstream dependency outage (2)
EI,EI-E1081,EI-R20,,Edge_System_Health,EI-T420,[Health] Health probe responds without credentials and discloses no environment detail
EI,EI-E1082,EI-R20,,Edge_System_Health,EI-T422,[Health] Health probe responds without credentials and discloses no environment detail (2)
EI,EI-E1083,EI-R21,Allan,Edge_System_Webhooks,EI-T781,[Webhooks] Auth0 user-sync event with an incorrect shared secret is rejected
EI,EI-E1084,EI-R21,Allan,Edge_System_Webhooks,EI-T780,[Webhooks] Auth0 user-sync event without a shared secret header is rejected
EI,EI-E1085,EI-R21,Allan,Edge_System_Webhooks,EI-T778,[Webhooks] Malformed Auth0 event payload is rejected without partial profile writes
EI,EI-E1086,EI-R21,Allan,Edge_System_Webhooks,EI-T779,[Webhooks] Replayed Auth0 user-sync event is processed idempotently
EI,EI-E1087,EI-R22,Allan,Edge_Auth_Authentication,EI-T434,[Authentication] Cleared session cookies carry the correct security attributes
EI,EI-E1088,EI-R22,Allan,Edge_Auth_Authentication,EI-T436,[Authentication] Empty result set is returned correctly when attempting to get current user profile
EI,EI-E1089,EI-R22,Allan,Edge_Auth_Authentication,EI-T435,[Authentication] Expired bearer token is rejected when attempting to get current user profile
EI,EI-E1090,EI-R22,Allan,Edge_Auth_Authentication,EI-T427,[Authentication] Expired or tampered refresh token is rejected during rotation
EI,EI-E1091,EI-R22,Allan,Edge_Auth_Authentication,EI-T431,[Authentication] Expired or tampered refresh token is rejected during rotation (2)
EI,EI-E1092,EI-R22,Allan,Edge_Auth_Authentication,EI-T438,[Authentication] High-volume result set stays complete and performant when attempting to get current user profile
EI,EI-E1093,EI-R22,Allan,Edge_Auth_Authentication,EI-T437,[Authentication] Missing Authorization header is rejected when attempting to get current user profile
EI,EI-E1094,EI-R22,Allan,Edge_Auth_Authentication,EI-T423,[Authentication] Omitting the required field 'email' is rejected when attempting to login with email and password
EI,EI-E1095,EI-R22,Allan,Edge_Auth_Authentication,EI-T439,[Authentication] Omitting the required field 'email' is rejected when attempting to request a password reset email
EI,EI-E1096,EI-R22,Allan,Edge_Auth_Authentication,EI-T426,[Authentication] Oversized 'email' value is handled safely when attempting to login with email and password
EI,EI-E1097,EI-R22,Allan,Edge_Auth_Authentication,EI-T442,[Authentication] Oversized 'email' value is handled safely when attempting to request a password reset email
EI,EI-E1098,EI-R22,Allan,Edge_Auth_Authentication,EI-T440,[Authentication] Password reset request for an unknown email does not enumerate accounts
EI,EI-E1099,EI-R22,Allan,Edge_Auth_Authentication,EI-T424,[Authentication] Repeated failed sign-in attempts are throttled without account enumeration
EI,EI-E1100,EI-R22,Allan,Edge_Auth_Authentication,EI-T428,[Authentication] Reusing an already rotated refresh token is rejected
EI,EI-E1101,EI-R22,Allan,Edge_Auth_Authentication,EI-T432,[Authentication] Reusing an already rotated refresh token is rejected (2)
EI,EI-E1102,EI-R22,Allan,Edge_Auth_Authentication,EI-T425,[Authentication] Script payload in 'email' is neutralised when attempting to login with email and password
EI,EI-E1103,EI-R22,Allan,Edge_Auth_Authentication,EI-T441,[Authentication] Script payload in 'email' is neutralised when attempting to request a password reset email
EI,EI-E1104,EI-R22,Allan,Edge_Auth_Authentication,EI-T429,[Authentication] Session rotation without a refresh-token cookie is rejected
EI,EI-E1105,EI-R22,Allan,Edge_Auth_Authentication,EI-T433,[Authentication] Session rotation without a refresh-token cookie is rejected (2)
EI,EI-E1106,EI-R22,Allan,Edge_Auth_Authentication,EI-T430,[Authentication] Simultaneous rotation requests issue only one valid session
EI,EI-E1107,EI-R23,Allan,Edge_Teacher_Accounts,EI-T461,[Accounts] Duplicate submission does not create a duplicate account
EI,EI-E1108,EI-R23,Allan,Edge_Teacher_Accounts,EI-T459,[Accounts] Empty update payload is handled correctly when attempting to update my account information
EI,EI-E1109,EI-R23,Allan,Edge_Teacher_Accounts,EI-T447,[Accounts] Expired bearer token is rejected when attempting to add a profile picture if I don't have one already
EI,EI-E1110,EI-R23,Allan,Edge_Teacher_Accounts,EI-T462,[Accounts] Expired bearer token is rejected when attempting to change my password by providing my current password
EI,EI-E1111,EI-R23,Allan,Edge_Teacher_Accounts,EI-T455,[Accounts] Expired bearer token is rejected when attempting to delete my profile picture
EI,EI-E1112,EI-R23,Allan,Edge_Teacher_Accounts,EI-T444,"[Accounts] Expired bearer token is rejected when attempting to search for users by name/email and role, or return current user account"
EI,EI-E1113,EI-R23,Allan,Edge_Teacher_Accounts,EI-T458,[Accounts] Expired bearer token is rejected when attempting to update my account information
EI,EI-E1114,EI-R23,Allan,Edge_Teacher_Accounts,EI-T451,[Accounts] Expired bearer token is rejected when attempting to update my profile picture
EI,EI-E1115,EI-R23,Allan,Edge_Teacher_Accounts,EI-T446,[Accounts] Interrupted upload leaves no orphaned asset when attempting to add a profile picture if I don't have one already
EI,EI-E1116,EI-R23,Allan,Edge_Teacher_Accounts,EI-T450,[Accounts] Interrupted upload leaves no orphaned asset when attempting to update my profile picture
EI,EI-E1117,EI-R23,Allan,Edge_Teacher_Accounts,EI-T456,[Accounts] Malformed teacher identifier is rejected when attempting to update my account information
EI,EI-E1118,EI-R23,Allan,Edge_Teacher_Accounts,EI-T453,[Accounts] Malformed teacherId identifier is rejected when attempting to delete my profile picture
EI,EI-E1119,EI-R23,Allan,Edge_Teacher_Accounts,EI-T460,[Accounts] Omitting the required field 'current_password' is rejected when attempting to change my password by providing my current password
EI,EI-E1120,EI-R23,Allan,Edge_Teacher_Accounts,EI-T445,[Accounts] Omitting the required field 'file' is rejected when attempting to add a profile picture if I don't have one already
EI,EI-E1121,EI-R23,Allan,Edge_Teacher_Accounts,EI-T449,[Accounts] Omitting the required field 'file' is rejected when attempting to update my profile picture
EI,EI-E1122,EI-R23,Allan,Edge_Teacher_Accounts,EI-T463,[Accounts] Script payload in 'current_password' is neutralised when attempting to change my password by providing my current password
EI,EI-E1123,EI-R23,Allan,Edge_Teacher_Accounts,EI-T448,[Accounts] Script payload in 'file' is neutralised when attempting to add a profile picture if I don't have one already
EI,EI-E1124,EI-R23,Allan,Edge_Teacher_Accounts,EI-T452,[Accounts] Script payload in 'file' is neutralised when attempting to update my profile picture
EI,EI-E1125,EI-R23,Allan,Edge_Teacher_Accounts,EI-T443,"[Accounts] Unknown 'search' filter value returns no matches when attempting to search for users by name/email and role, or return current user account"
EI,EI-E1126,EI-R23,Allan,Edge_Teacher_Accounts,EI-T457,[Accounts] Unknown teacher identifier returns not found when attempting to update my account information
EI,EI-E1127,EI-R23,Allan,Edge_Teacher_Accounts,EI-T454,[Accounts] Unknown teacherId identifier returns not found when attempting to delete my profile picture
EI,EI-E1128,EI-R24,Paul,Edge_Teacher_Dashboard,EI-T469,[Dashboard] Empty result set is returned correctly when attempting to fetch statistics for assignments
EI,EI-E1129,EI-R24,Paul,Edge_Teacher_Dashboard,EI-T465,[Dashboard] Empty result set is returned correctly when attempting to fetch statistics for classes
EI,EI-E1130,EI-R24,Paul,Edge_Teacher_Dashboard,EI-T467,[Dashboard] Empty result set is returned correctly when attempting to fetch statistics for students
EI,EI-E1131,EI-R24,Paul,Edge_Teacher_Dashboard,EI-T471,[Dashboard] Empty result set is returned correctly when attempting to fetch statistics for submissions
EI,EI-E1132,EI-R24,Paul,Edge_Teacher_Dashboard,EI-T468,[Dashboard] Expired bearer token is rejected when attempting to fetch statistics for assignments
EI,EI-E1133,EI-R24,Paul,Edge_Teacher_Dashboard,EI-T464,[Dashboard] Expired bearer token is rejected when attempting to fetch statistics for classes
EI,EI-E1134,EI-R24,Paul,Edge_Teacher_Dashboard,EI-T466,[Dashboard] Expired bearer token is rejected when attempting to fetch statistics for students
EI,EI-E1135,EI-R24,Paul,Edge_Teacher_Dashboard,EI-T470,[Dashboard] Expired bearer token is rejected when attempting to fetch statistics for submissions
EI,EI-E1136,EI-R25,Trishia,Edge_Teacher_Classes,EI-T473,[Classes] Duplicate submission does not create a duplicate classe
EI,EI-E1137,EI-R25,Trishia,Edge_Teacher_Classes,EI-T516,[Classes] Expired bearer token is rejected when attempting to accept a student's request to join a class
EI,EI-E1138,EI-R25,Trishia,Edge_Teacher_Classes,EI-T522,[Classes] Expired bearer token is rejected when attempting to accept a student's request to leave a class
EI,EI-E1139,EI-R25,Trishia,Edge_Teacher_Classes,EI-T484,[Classes] Expired bearer token is rejected when attempting to create a class announcement
EI,EI-E1140,EI-R25,Trishia,Edge_Teacher_Classes,EI-T474,[Classes] Expired bearer token is rejected when attempting to create a new class
EI,EI-E1141,EI-R25,Trishia,Edge_Teacher_Classes,EI-T499,[Classes] Expired bearer token is rejected when attempting to delete a class
EI,EI-E1142,EI-R25,Trishia,Edge_Teacher_Classes,EI-T488,[Classes] Expired bearer token is rejected when attempting to delete a class announcement
EI,EI-E1143,EI-R25,Trishia,Edge_Teacher_Classes,EI-T510,[Classes] Expired bearer token is rejected when attempting to delete a class cover photo
EI,EI-E1144,EI-R25,Trishia,Edge_Teacher_Classes,EI-T477,[Classes] Expired bearer token is rejected when attempting to fetch all classes
EI,EI-E1145,EI-R25,Trishia,Edge_Teacher_Classes,EI-T519,[Classes] Expired bearer token is rejected when attempting to remove a student from a class
EI,EI-E1146,EI-R25,Trishia,Edge_Teacher_Classes,EI-T513,[Classes] Expired bearer token is rejected when attempting to restore a soft-deleted class
EI,EI-E1147,EI-R25,Trishia,Edge_Teacher_Classes,EI-T506,[Classes] Expired bearer token is rejected when attempting to update a class cover photo
EI,EI-E1148,EI-R25,Trishia,Edge_Teacher_Classes,EI-T495,[Classes] Expired bearer token is rejected when attempting to update a class details
EI,EI-E1149,EI-R25,Trishia,Edge_Teacher_Classes,EI-T502,[Classes] Expired bearer token is rejected when attempting to upload a class cover photo
EI,EI-E1150,EI-R25,Trishia,Edge_Teacher_Classes,EI-T505,[Classes] Interrupted upload leaves no orphaned asset when attempting to update a class cover photo
EI,EI-E1151,EI-R25,Trishia,Edge_Teacher_Classes,EI-T501,[Classes] Interrupted upload leaves no orphaned asset when attempting to upload a class cover photo
EI,EI-E1152,EI-R25,Trishia,Edge_Teacher_Classes,EI-T478,[Classes] Malformed class code identifier is rejected when attempting to fetch a class by its code
EI,EI-E1153,EI-R25,Trishia,Edge_Teacher_Classes,EI-T489,[Classes] Malformed class code identifier is rejected when attempting to fetch the gradebook for a specific class
EI,EI-E1154,EI-R25,Trishia,Edge_Teacher_Classes,EI-T514,[Classes] Malformed class identifier is rejected when attempting to accept a student's request to join a class
EI,EI-E1155,EI-R25,Trishia,Edge_Teacher_Classes,EI-T497,[Classes] Malformed class identifier is rejected when attempting to delete a class
EI,EI-E1156,EI-R25,Trishia,Edge_Teacher_Classes,EI-T486,[Classes] Malformed class identifier is rejected when attempting to delete a class announcement
EI,EI-E1157,EI-R25,Trishia,Edge_Teacher_Classes,EI-T508,[Classes] Malformed class identifier is rejected when attempting to delete a class cover photo
EI,EI-E1158,EI-R25,Trishia,Edge_Teacher_Classes,EI-T524,[Classes] Malformed class identifier is rejected when attempting to fetch the assignments for a specific class
EI,EI-E1159,EI-R25,Trishia,Edge_Teacher_Classes,EI-T480,[Classes] Malformed class identifier is rejected when attempting to fetch the messages for a specific class
EI,EI-E1160,EI-R25,Trishia,Edge_Teacher_Classes,EI-T491,[Classes] Malformed class identifier is rejected when attempting to fetch the roster of students for a specific class
EI,EI-E1161,EI-R25,Trishia,Edge_Teacher_Classes,EI-T517,[Classes] Malformed class identifier is rejected when attempting to remove a student from a class
EI,EI-E1162,EI-R25,Trishia,Edge_Teacher_Classes,EI-T511,[Classes] Malformed class identifier is rejected when attempting to restore a soft-deleted class
EI,EI-E1163,EI-R25,Trishia,Edge_Teacher_Classes,EI-T482,[Classes] Omitting the required field 'content' is rejected when attempting to create a class announcement
EI,EI-E1164,EI-R25,Trishia,Edge_Teacher_Classes,EI-T504,[Classes] Omitting the required field 'file' is rejected when attempting to update a class cover photo
EI,EI-E1165,EI-R25,Trishia,Edge_Teacher_Classes,EI-T500,[Classes] Omitting the required field 'file' is rejected when attempting to upload a class cover photo
EI,EI-E1166,EI-R25,Trishia,Edge_Teacher_Classes,EI-T520,[Classes] Omitting the required field 'is_granted' is rejected when attempting to accept a student's request to leave a class
EI,EI-E1167,EI-R25,Trishia,Edge_Teacher_Classes,EI-T472,[Classes] Omitting the required field 'title' is rejected when attempting to create a new class
EI,EI-E1168,EI-R25,Trishia,Edge_Teacher_Classes,EI-T493,[Classes] Omitting the required field 'title' is rejected when attempting to update a class details
EI,EI-E1169,EI-R25,Trishia,Edge_Teacher_Classes,EI-T476,[Classes] Out-of-range 'page_num' value is handled safely when attempting to fetch all classes
EI,EI-E1170,EI-R25,Trishia,Edge_Teacher_Classes,EI-T485,[Classes] Script payload in 'content' is neutralised when attempting to create a class announcement
EI,EI-E1171,EI-R25,Trishia,Edge_Teacher_Classes,EI-T507,[Classes] Script payload in 'file' is neutralised when attempting to update a class cover photo
EI,EI-E1172,EI-R25,Trishia,Edge_Teacher_Classes,EI-T503,[Classes] Script payload in 'file' is neutralised when attempting to upload a class cover photo
EI,EI-E1173,EI-R25,Trishia,Edge_Teacher_Classes,EI-T523,[Classes] Script payload in 'is_granted' is neutralised when attempting to accept a student's request to leave a class
EI,EI-E1174,EI-R25,Trishia,Edge_Teacher_Classes,EI-T475,[Classes] Script payload in 'title' is neutralised when attempting to create a new class
EI,EI-E1175,EI-R25,Trishia,Edge_Teacher_Classes,EI-T496,[Classes] Script payload in 'title' is neutralised when attempting to update a class details
EI,EI-E1176,EI-R25,Trishia,Edge_Teacher_Classes,EI-T479,[Classes] Unknown class code identifier returns not found when attempting to fetch a class by its code
EI,EI-E1177,EI-R25,Trishia,Edge_Teacher_Classes,EI-T490,[Classes] Unknown class code identifier returns not found when attempting to fetch the gradebook for a specific class
EI,EI-E1178,EI-R25,Trishia,Edge_Teacher_Classes,EI-T515,[Classes] Unknown class identifier returns not found when attempting to accept a student's request to join a class
EI,EI-E1179,EI-R25,Trishia,Edge_Teacher_Classes,EI-T521,[Classes] Unknown class identifier returns not found when attempting to accept a student's request to leave a class
EI,EI-E1180,EI-R25,Trishia,Edge_Teacher_Classes,EI-T483,[Classes] Unknown class identifier returns not found when attempting to create a class announcement
EI,EI-E1181,EI-R25,Trishia,Edge_Teacher_Classes,EI-T498,[Classes] Unknown class identifier returns not found when attempting to delete a class
EI,EI-E1182,EI-R25,Trishia,Edge_Teacher_Classes,EI-T487,[Classes] Unknown class identifier returns not found when attempting to delete a class announcement
EI,EI-E1183,EI-R25,Trishia,Edge_Teacher_Classes,EI-T509,[Classes] Unknown class identifier returns not found when attempting to delete a class cover photo
EI,EI-E1184,EI-R25,Trishia,Edge_Teacher_Classes,EI-T525,[Classes] Unknown class identifier returns not found when attempting to fetch the assignments for a specific class
EI,EI-E1185,EI-R25,Trishia,Edge_Teacher_Classes,EI-T481,[Classes] Unknown class identifier returns not found when attempting to fetch the messages for a specific class
EI,EI-E1186,EI-R25,Trishia,Edge_Teacher_Classes,EI-T492,[Classes] Unknown class identifier returns not found when attempting to fetch the roster of students for a specific class
EI,EI-E1187,EI-R25,Trishia,Edge_Teacher_Classes,EI-T518,[Classes] Unknown class identifier returns not found when attempting to remove a student from a class
EI,EI-E1188,EI-R25,Trishia,Edge_Teacher_Classes,EI-T512,[Classes] Unknown class identifier returns not found when attempting to restore a soft-deleted class
EI,EI-E1189,EI-R25,Trishia,Edge_Teacher_Classes,EI-T494,[Classes] Unknown class identifier returns not found when attempting to update a class details
EI,EI-E1190,EI-R26,Khyne,Edge_Teacher_Question,EI-T530,[Question] Duplicate submission does not create a duplicate question
EI,EI-E1191,EI-R26,Khyne,Edge_Teacher_Question,EI-T546,[Question] Empty result set is returned correctly when attempting to clear all filters
EI,EI-E1192,EI-R26,Khyne,Edge_Teacher_Question,EI-T544,[Question] Empty result set is returned correctly when attempting to get filter options with counts
EI,EI-E1193,EI-R26,Khyne,Edge_Teacher_Question,EI-T539,[Question] Empty update payload is handled correctly when attempting to update a specific question by its ID
EI,EI-E1194,EI-R26,Khyne,Edge_Teacher_Question,EI-T545,[Question] Expired bearer token is rejected when attempting to clear all filters
EI,EI-E1195,EI-R26,Khyne,Edge_Teacher_Question,EI-T531,[Question] Expired bearer token is rejected when attempting to create a new question
EI,EI-E1196,EI-R26,Khyne,Edge_Teacher_Question,EI-T542,[Question] Expired bearer token is rejected when attempting to delete a specific question by its ID
EI,EI-E1197,EI-R26,Khyne,Edge_Teacher_Question,EI-T529,[Question] Expired bearer token is rejected when attempting to fetch all staff questions accessible to me
EI,EI-E1198,EI-R26,Khyne,Edge_Teacher_Question,EI-T543,[Question] Expired bearer token is rejected when attempting to get filter options with counts
EI,EI-E1199,EI-R26,Khyne,Edge_Teacher_Question,EI-T538,[Question] Expired bearer token is rejected when attempting to update a specific question by its ID
EI,EI-E1200,EI-R26,Khyne,Edge_Teacher_Question,EI-T549,[Question] Expired bearer token is rejected when attempting to upload an image to embed in a question
EI,EI-E1201,EI-R26,Khyne,Edge_Teacher_Question,EI-T548,[Question] Interrupted upload leaves no orphaned asset when attempting to upload an image to embed in a question
EI,EI-E1202,EI-R26,Khyne,Edge_Teacher_Question,EI-T540,[Question] Malformed question identifier is rejected when attempting to delete a specific question by its ID
EI,EI-E1203,EI-R26,Khyne,Edge_Teacher_Question,EI-T534,[Question] Malformed question identifier is rejected when attempting to fetch a specific question by its ID
EI,EI-E1204,EI-R26,Khyne,Edge_Teacher_Question,EI-T536,[Question] Malformed question identifier is rejected when attempting to update a specific question by its ID
EI,EI-E1205,EI-R26,Khyne,Edge_Teacher_Question,EI-T526,[Question] Malformed teacher identifier is rejected when attempting to fetch all questions accessible to me
EI,EI-E1206,EI-R26,Khyne,Edge_Teacher_Question,EI-T533,[Question] Missing Authorization header is rejected when attempting to create a new question
EI,EI-E1207,EI-R26,Khyne,Edge_Teacher_Question,EI-T547,[Question] Omitting the required field 'file' is rejected when attempting to upload an image to embed in a question
EI,EI-E1208,EI-R26,Khyne,Edge_Teacher_Question,EI-T532,[Question] Parallel creation requests are handled without data corruption
EI,EI-E1209,EI-R26,Khyne,Edge_Teacher_Question,EI-T550,[Question] Script payload in 'file' is neutralised when attempting to upload an image to embed in a question
EI,EI-E1210,EI-R26,Khyne,Edge_Teacher_Question,EI-T528,[Question] Unknown 'assignment_types' filter value returns no matches when attempting to fetch all staff questions accessible to me
EI,EI-E1211,EI-R26,Khyne,Edge_Teacher_Question,EI-T541,[Question] Unknown question identifier returns not found when attempting to delete a specific question by its ID
EI,EI-E1212,EI-R26,Khyne,Edge_Teacher_Question,EI-T535,[Question] Unknown question identifier returns not found when attempting to fetch a specific question by its ID
EI,EI-E1213,EI-R26,Khyne,Edge_Teacher_Question,EI-T537,[Question] Unknown question identifier returns not found when attempting to update a specific question by its ID
EI,EI-E1214,EI-R26,Khyne,Edge_Teacher_Question,EI-T527,[Question] Unknown teacher identifier returns not found when attempting to fetch all questions accessible to me
EI,EI-E1215,EI-R27,Paul,Edge_Teacher_Question-Import,EI-T566,[Question-Import] Another account's job cannot be reached when attempting to approve a reviewed import and create the questions
EI,EI-E1216,EI-R27,Paul,Edge_Teacher_Question-Import,EI-T556,[Question-Import] Duplicate submission does not create a duplicate question import
EI,EI-E1217,EI-R27,Paul,Edge_Teacher_Question-Import,EI-T557,"[Question-Import] Expired bearer token is rejected when attempting to add a single question by pasting it, and start an import job"
EI,EI-E1218,EI-R27,Paul,Edge_Teacher_Question-Import,EI-T565,[Question-Import] Expired bearer token is rejected when attempting to approve a reviewed import and create the questions
EI,EI-E1219,EI-R27,Paul,Edge_Teacher_Question-Import,EI-T553,[Question-Import] Expired bearer token is rejected when attempting to upload a question file and start an import job
EI,EI-E1220,EI-R27,Paul,Edge_Teacher_Question-Import,EI-T552,[Question-Import] Interrupted upload leaves no orphaned asset when attempting to upload a question file and start an import job
EI,EI-E1221,EI-R27,Paul,Edge_Teacher_Question-Import,EI-T563,[Question-Import] Malformed job identifier is rejected when attempting to approve a reviewed import and create the questions
EI,EI-E1222,EI-R27,Paul,Edge_Teacher_Question-Import,EI-T559,[Question-Import] Malformed job identifier is rejected when attempting to retrieve progress and per-row errors for an import job
EI,EI-E1223,EI-R27,Paul,Edge_Teacher_Question-Import,EI-T561,[Question-Import] Malformed job identifier is rejected when attempting to retrieve proposed questions for review
EI,EI-E1224,EI-R27,Paul,Edge_Teacher_Question-Import,EI-T551,[Question-Import] Omitting the required field 'question_type' is rejected when attempting to upload a question file and start an import job
EI,EI-E1225,EI-R27,Paul,Edge_Teacher_Question-Import,EI-T555,"[Question-Import] Omitting the required field 'text' is rejected when attempting to add a single question by pasting it, and start an import job"
EI,EI-E1226,EI-R27,Paul,Edge_Teacher_Question-Import,EI-T554,[Question-Import] Script payload in 'question_type' is neutralised when attempting to upload a question file and start an import job
EI,EI-E1227,EI-R27,Paul,Edge_Teacher_Question-Import,EI-T558,"[Question-Import] Script payload in 'text' is neutralised when attempting to add a single question by pasting it, and start an import job"
EI,EI-E1228,EI-R27,Paul,Edge_Teacher_Question-Import,EI-T564,[Question-Import] Unknown job identifier returns not found when attempting to approve a reviewed import and create the questions
EI,EI-E1229,EI-R27,Paul,Edge_Teacher_Question-Import,EI-T560,[Question-Import] Unknown job identifier returns not found when attempting to retrieve progress and per-row errors for an import job
EI,EI-E1230,EI-R27,Paul,Edge_Teacher_Question-Import,EI-T562,[Question-Import] Unknown job identifier returns not found when attempting to retrieve proposed questions for review
EI,EI-E1325,EI-R29,Jim,Edge_Teacher_Assignments,EI-T616,[Assignments] Another account's submission cannot be reached when attempting to approve a pending late submission
EI,EI-E1326,EI-R29,Jim,Edge_Teacher_Assignments,EI-T568,[Assignments] Duplicate submission does not create a duplicate assignment
EI,EI-E1327,EI-R29,Jim,Edge_Teacher_Assignments,EI-T574,[Assignments] Duplicate submission does not create a duplicate assignment (2)
EI,EI-E1328,EI-R29,Jim,Edge_Teacher_Assignments,EI-T578,[Assignments] Empty result set is returned correctly when attempting to fetch all staff created assignments
EI,EI-E1329,EI-R29,Jim,Edge_Teacher_Assignments,EI-T602,[Assignments] Expired bearer token is rejected when attempting to add a new comment on a student's answer to a specific question
EI,EI-E1330,EI-R29,Jim,Edge_Teacher_Assignments,EI-T615,[Assignments] Expired bearer token is rejected when attempting to approve a pending late submission
EI,EI-E1331,EI-R29,Jim,Edge_Teacher_Assignments,EI-T569,[Assignments] Expired bearer token is rejected when attempting to create a new assignment
EI,EI-E1332,EI-R29,Jim,Edge_Teacher_Assignments,EI-T575,[Assignments] Expired bearer token is rejected when attempting to create a new assignment on behalf of staff
EI,EI-E1333,EI-R29,Jim,Edge_Teacher_Assignments,EI-T593,[Assignments] Expired bearer token is rejected when attempting to delete a specific assignment
EI,EI-E1334,EI-R29,Jim,Edge_Teacher_Assignments,EI-T610,[Assignments] Expired bearer token is rejected when attempting to delete my comment on a student's answer to a specific question
EI,EI-E1335,EI-R29,Jim,Edge_Teacher_Assignments,EI-T577,[Assignments] Expired bearer token is rejected when attempting to fetch all staff created assignments
EI,EI-E1336,EI-R29,Jim,Edge_Teacher_Assignments,EI-T589,[Assignments] Expired bearer token is rejected when attempting to override a question's point value for this assignment only
EI,EI-E1337,EI-R29,Jim,Edge_Teacher_Assignments,EI-T619,[Assignments] Expired bearer token is rejected when attempting to reject a pending late submission
EI,EI-E1338,EI-R29,Jim,Edge_Teacher_Assignments,EI-T585,[Assignments] Expired bearer token is rejected when attempting to update an existing assignment's details
EI,EI-E1339,EI-R29,Jim,Edge_Teacher_Assignments,EI-T606,[Assignments] Expired bearer token is rejected when attempting to update my existing comment on a student's answer to a specific question
EI,EI-E1340,EI-R29,Jim,Edge_Teacher_Assignments,EI-T591,[Assignments] Malformed assignment identifier is rejected when attempting to delete a specific assignment
EI,EI-E1341,EI-R29,Jim,Edge_Teacher_Assignments,EI-T579,[Assignments] Malformed assignment identifier is rejected when attempting to fetch all staff created assignments
EI,EI-E1342,EI-R29,Jim,Edge_Teacher_Assignments,EI-T581,[Assignments] Malformed assignment identifier is rejected when attempting to fetch my created assignment
EI,EI-E1343,EI-R29,Jim,Edge_Teacher_Assignments,EI-T611,[Assignments] Malformed assignment identifier is rejected when attempting to list pending late submissions for a given assignment
EI,EI-E1344,EI-R29,Jim,Edge_Teacher_Assignments,EI-T608,[Assignments] Malformed class code identifier is rejected when attempting to delete my comment on a student's answer to a specific question
EI,EI-E1345,EI-R29,Jim,Edge_Teacher_Assignments,EI-T598,[Assignments] Malformed class code identifier is rejected when attempting to fetch a specific student's submission for an assignment
EI,EI-E1346,EI-R29,Jim,Edge_Teacher_Assignments,EI-T571,[Assignments] Malformed class code identifier is rejected when attempting to fetch all my created assignments
EI,EI-E1347,EI-R29,Jim,Edge_Teacher_Assignments,EI-T594,[Assignments] Malformed class code identifier is rejected when attempting to get analytics for a specific assignment
EI,EI-E1348,EI-R29,Jim,Edge_Teacher_Assignments,EI-T596,[Assignments] Malformed class code identifier is rejected when attempting to get item analysis analytics for a specific assignment
EI,EI-E1349,EI-R29,Jim,Edge_Teacher_Assignments,EI-T613,[Assignments] Malformed submission identifier is rejected when attempting to approve a pending late submission
EI,EI-E1350,EI-R29,Jim,Edge_Teacher_Assignments,EI-T600,[Assignments] Omitting the required field 'comment' is rejected when attempting to add a new comment on a student's answer to a specific question
EI,EI-E1351,EI-R29,Jim,Edge_Teacher_Assignments,EI-T604,[Assignments] Omitting the required field 'comment' is rejected when attempting to update my existing comment on a student's answer to a specific question
EI,EI-E1352,EI-R29,Jim,Edge_Teacher_Assignments,EI-T587,[Assignments] Omitting the required field 'points' is rejected when attempting to override a question's point value for this assignment only
EI,EI-E1353,EI-R29,Jim,Edge_Teacher_Assignments,EI-T617,[Assignments] Omitting the required field 'reason' is rejected when attempting to reject a pending late submission
EI,EI-E1354,EI-R29,Jim,Edge_Teacher_Assignments,EI-T567,[Assignments] Omitting the required field 'semester' is rejected when attempting to create a new assignment
EI,EI-E1355,EI-R29,Jim,Edge_Teacher_Assignments,EI-T573,[Assignments] Omitting the required field 'semester' is rejected when attempting to create a new assignment on behalf of staff
EI,EI-E1356,EI-R29,Jim,Edge_Teacher_Assignments,EI-T583,[Assignments] Omitting the required field 'semester' is rejected when attempting to update an existing assignment's details
EI,EI-E1357,EI-R29,Jim,Edge_Teacher_Assignments,EI-T603,[Assignments] Script payload in 'comment' is neutralised when attempting to add a new comment on a student's answer to a specific question
EI,EI-E1358,EI-R29,Jim,Edge_Teacher_Assignments,EI-T607,[Assignments] Script payload in 'comment' is neutralised when attempting to update my existing comment on a student's answer to a specific question
EI,EI-E1359,EI-R29,Jim,Edge_Teacher_Assignments,EI-T590,[Assignments] Script payload in 'points' is neutralised when attempting to override a question's point value for this assignment only
EI,EI-E1360,EI-R29,Jim,Edge_Teacher_Assignments,EI-T620,[Assignments] Script payload in 'reason' is neutralised when attempting to reject a pending late submission
EI,EI-E1361,EI-R29,Jim,Edge_Teacher_Assignments,EI-T570,[Assignments] Script payload in 'semester' is neutralised when attempting to create a new assignment
EI,EI-E1362,EI-R29,Jim,Edge_Teacher_Assignments,EI-T576,[Assignments] Script payload in 'semester' is neutralised when attempting to create a new assignment on behalf of staff
EI,EI-E1363,EI-R29,Jim,Edge_Teacher_Assignments,EI-T586,[Assignments] Script payload in 'semester' is neutralised when attempting to update an existing assignment's details
EI,EI-E1364,EI-R29,Jim,Edge_Teacher_Assignments,EI-T592,[Assignments] Unknown assignment identifier returns not found when attempting to delete a specific assignment
EI,EI-E1365,EI-R29,Jim,Edge_Teacher_Assignments,EI-T580,[Assignments] Unknown assignment identifier returns not found when attempting to fetch all staff created assignments
EI,EI-E1366,EI-R29,Jim,Edge_Teacher_Assignments,EI-T582,[Assignments] Unknown assignment identifier returns not found when attempting to fetch my created assignment
EI,EI-E1367,EI-R29,Jim,Edge_Teacher_Assignments,EI-T612,[Assignments] Unknown assignment identifier returns not found when attempting to list pending late submissions for a given assignment
EI,EI-E1368,EI-R29,Jim,Edge_Teacher_Assignments,EI-T588,[Assignments] Unknown assignment identifier returns not found when attempting to override a question's point value for this assignment only
EI,EI-E1369,EI-R29,Jim,Edge_Teacher_Assignments,EI-T584,[Assignments] Unknown assignment identifier returns not found when attempting to update an existing assignment's details
EI,EI-E1370,EI-R29,Jim,Edge_Teacher_Assignments,EI-T601,[Assignments] Unknown class code identifier returns not found when attempting to add a new comment on a student's answer to a specific question
EI,EI-E1371,EI-R29,Jim,Edge_Teacher_Assignments,EI-T609,[Assignments] Unknown class code identifier returns not found when attempting to delete my comment on a student's answer to a specific question
EI,EI-E1372,EI-R29,Jim,Edge_Teacher_Assignments,EI-T599,[Assignments] Unknown class code identifier returns not found when attempting to fetch a specific student's submission for an assignment
EI,EI-E1373,EI-R29,Jim,Edge_Teacher_Assignments,EI-T572,[Assignments] Unknown class code identifier returns not found when attempting to fetch all my created assignments
EI,EI-E1374,EI-R29,Jim,Edge_Teacher_Assignments,EI-T595,[Assignments] Unknown class code identifier returns not found when attempting to get analytics for a specific assignment
EI,EI-E1375,EI-R29,Jim,Edge_Teacher_Assignments,EI-T597,[Assignments] Unknown class code identifier returns not found when attempting to get item analysis analytics for a specific assignment
EI,EI-E1376,EI-R29,Jim,Edge_Teacher_Assignments,EI-T605,[Assignments] Unknown class code identifier returns not found when attempting to update my existing comment on a student's answer to a specific question
EI,EI-E1377,EI-R29,Jim,Edge_Teacher_Assignments,EI-T614,[Assignments] Unknown submission identifier returns not found when attempting to approve a pending late submission
EI,EI-E1378,EI-R29,Jim,Edge_Teacher_Assignments,EI-T618,[Assignments] Unknown submission identifier returns not found when attempting to reject a pending late submission
EI,EI-E1379,EI-R30,,Edge_Teacher_Theme,EI-T624,[Theme] Duplicate submission does not create a duplicate theme
EI,EI-E1380,EI-R30,,Edge_Teacher_Theme,EI-T622,[Theme] Empty result set is returned correctly when attempting to get current profile theme information
EI,EI-E1381,EI-R30,,Edge_Teacher_Theme,EI-T625,[Theme] Expired bearer token is rejected when attempting to apply a new theme to profile
EI,EI-E1382,EI-R30,,Edge_Teacher_Theme,EI-T632,[Theme] Expired bearer token is rejected when attempting to delete theme and revert to default
EI,EI-E1383,EI-R30,,Edge_Teacher_Theme,EI-T621,[Theme] Expired bearer token is rejected when attempting to get current profile theme information
EI,EI-E1384,EI-R30,,Edge_Teacher_Theme,EI-T629,[Theme] Expired bearer token is rejected when attempting to update current theme settings
EI,EI-E1385,EI-R30,,Edge_Teacher_Theme,EI-T623,[Theme] Omitting the required field 'theme_id' is rejected when attempting to apply a new theme to profile
EI,EI-E1386,EI-R30,,Edge_Teacher_Theme,EI-T627,[Theme] Omitting the required field 'theme_name' is rejected when attempting to update current theme settings
EI,EI-E1387,EI-R30,,Edge_Teacher_Theme,EI-T633,[Theme] Removing a theme with dependent records leaves no orphaned data
EI,EI-E1388,EI-R30,,Edge_Teacher_Theme,EI-T631,[Theme] Repeating the removal of an already deleted theme is handled safely
EI,EI-E1389,EI-R30,,Edge_Teacher_Theme,EI-T626,[Theme] Script payload in 'theme_id' is neutralised when attempting to apply a new theme to profile
EI,EI-E1390,EI-R30,,Edge_Teacher_Theme,EI-T630,[Theme] Script payload in 'theme_name' is neutralised when attempting to update current theme settings
EI,EI-E1391,EI-R30,,Edge_Teacher_Theme,EI-T628,[Theme] Simultaneous updates to one theme resolve deterministically
EI,EI-E1392,EI-R31,Paul,Edge_Teacher_Students,EI-T639,[Students] Deprecated operation to bulk student creation moved to Staff-Admin API no longer mutates data
EI,EI-E1393,EI-R31,Paul,Edge_Teacher_Students,EI-T634,[Students] Deprecated operation to submit student creation moved to Staff-Admin API no longer mutates data
EI,EI-E1394,EI-R31,Paul,Edge_Teacher_Students,EI-T636,[Students] Duplicate submission does not create a duplicate student
EI,EI-E1395,EI-R31,Paul,Edge_Teacher_Students,EI-T640,[Students] Expired bearer token is rejected when attempting to bulk student creation moved to Staff-Admin API
EI,EI-E1396,EI-R31,Paul,Edge_Teacher_Students,EI-T635,[Students] Expired bearer token is rejected when attempting to submit student creation moved to Staff-Admin API
EI,EI-E1397,EI-R31,Paul,Edge_Teacher_Students,EI-T637,[Students] Missing Authorization header is rejected when attempting to submit student creation moved to Staff-Admin API
EI,EI-E1398,EI-R31,Paul,Edge_Teacher_Students,EI-T638,[Students] Omitting the required field 'file' is rejected when attempting to bulk student creation moved to Staff-Admin API
EI,EI-E1399,EI-R31,Paul,Edge_Teacher_Students,EI-T641,[Students] Script payload in 'file' is neutralised when attempting to bulk student creation moved to Staff-Admin API
EI,EI-E1400,EI-R32,Paul,Edge_Teacher_Features,EI-T651,[Features] Empty result set is returned correctly when attempting to retrieve district subscription plan for the authenticated teacher
EI,EI-E1401,EI-R32,Paul,Edge_Teacher_Features,EI-T643,[Features] Empty result set is returned correctly when attempting to retrieve effective feature flags for the authenticated teacher
EI,EI-E1402,EI-R32,Paul,Edge_Teacher_Features,EI-T647,[Features] Empty result set is returned correctly when attempting to retrieve school and district plan for the authenticated teacher
EI,EI-E1403,EI-R32,Paul,Edge_Teacher_Features,EI-T649,[Features] Empty result set is returned correctly when attempting to retrieve school details for the authenticated teacher
EI,EI-E1404,EI-R32,Paul,Edge_Teacher_Features,EI-T650,[Features] Expired bearer token is rejected when attempting to retrieve district subscription plan for the authenticated teacher
EI,EI-E1405,EI-R32,Paul,Edge_Teacher_Features,EI-T642,[Features] Expired bearer token is rejected when attempting to retrieve effective feature flags for the authenticated teacher
EI,EI-E1406,EI-R32,Paul,Edge_Teacher_Features,EI-T646,[Features] Expired bearer token is rejected when attempting to retrieve school and district plan for the authenticated teacher
EI,EI-E1407,EI-R32,Paul,Edge_Teacher_Features,EI-T648,[Features] Expired bearer token is rejected when attempting to retrieve school details for the authenticated teacher
EI,EI-E1408,EI-R32,Paul,Edge_Teacher_Features,EI-T652,[Features] Malformed class code identifier is rejected when attempting to retrieve teacher-made assignment creation quota per class
EI,EI-E1409,EI-R32,Paul,Edge_Teacher_Features,EI-T644,[Features] Malformed feature name identifier is rejected when attempting to get effective status for a single feature
EI,EI-E1410,EI-R32,Paul,Edge_Teacher_Features,EI-T653,[Features] Unknown class code identifier returns not found when attempting to retrieve teacher-made assignment creation quota per class
EI,EI-E1411,EI-R32,Paul,Edge_Teacher_Features,EI-T645,[Features] Unknown feature name identifier returns not found when attempting to get effective status for a single feature
EI,EI-E1412,EI-R33,Arnold,Edge_Student_Accounts,EI-T674,[Accounts] Duplicate submission does not create a duplicate account (2)
EI,EI-E1413,EI-R33,Arnold,Edge_Student_Accounts,EI-T664,[Accounts] Expired bearer token is rejected when attempting to add a profile picture if I don't have one already (2)
EI,EI-E1414,EI-R33,Arnold,Edge_Student_Accounts,EI-T675,[Accounts] Expired bearer token is rejected when attempting to change my password by providing my current password (2)
EI,EI-E1415,EI-R33,Arnold,Edge_Student_Accounts,EI-T671,[Accounts] Expired bearer token is rejected when attempting to delete my profile picture (2)
EI,EI-E1416,EI-R33,Arnold,Edge_Student_Accounts,EI-T657,[Accounts] Expired bearer token is rejected when attempting to search for teachers
EI,EI-E1417,EI-R33,Arnold,Edge_Student_Accounts,EI-T660,[Accounts] Expired bearer token is rejected when attempting to update my contact person information
EI,EI-E1418,EI-R33,Arnold,Edge_Student_Accounts,EI-T668,[Accounts] Expired bearer token is rejected when attempting to update my profile picture (2)
EI,EI-E1419,EI-R33,Arnold,Edge_Student_Accounts,EI-T663,[Accounts] Interrupted upload leaves no orphaned asset when attempting to add a profile picture if I don't have one already (2)
EI,EI-E1420,EI-R33,Arnold,Edge_Student_Accounts,EI-T667,[Accounts] Interrupted upload leaves no orphaned asset when attempting to update my profile picture (2)
EI,EI-E1421,EI-R33,Arnold,Edge_Student_Accounts,EI-T654,[Accounts] Malformed account identifier is rejected when attempting to fetch my account data
EI,EI-E1422,EI-R33,Arnold,Edge_Student_Accounts,EI-T673,[Accounts] Omitting the required field 'current_password' is rejected when attempting to change my password by providing my current password (2)
EI,EI-E1423,EI-R33,Arnold,Edge_Student_Accounts,EI-T662,[Accounts] Omitting the required field 'file' is rejected when attempting to add a profile picture if I don't have one already (2)
EI,EI-E1424,EI-R33,Arnold,Edge_Student_Accounts,EI-T666,[Accounts] Omitting the required field 'file' is rejected when attempting to update my profile picture (2)
EI,EI-E1425,EI-R33,Arnold,Edge_Student_Accounts,EI-T658,[Accounts] Omitting the required field 'first_name' is rejected when attempting to update my contact person information
EI,EI-E1426,EI-R33,Arnold,Edge_Student_Accounts,EI-T656,[Accounts] Out-of-range 'page' value is handled safely when attempting to search for teachers
EI,EI-E1427,EI-R33,Arnold,Edge_Student_Accounts,EI-T672,[Accounts] Removing an account with dependent records leaves no orphaned data
EI,EI-E1428,EI-R33,Arnold,Edge_Student_Accounts,EI-T670,[Accounts] Repeating the removal of an already deleted account is handled safely
EI,EI-E1429,EI-R33,Arnold,Edge_Student_Accounts,EI-T676,[Accounts] Script payload in 'current_password' is neutralised when attempting to change my password by providing my current password (2)
EI,EI-E1430,EI-R33,Arnold,Edge_Student_Accounts,EI-T665,[Accounts] Script payload in 'file' is neutralised when attempting to add a profile picture if I don't have one already (2)
EI,EI-E1431,EI-R33,Arnold,Edge_Student_Accounts,EI-T669,[Accounts] Script payload in 'file' is neutralised when attempting to update my profile picture (2)
EI,EI-E1432,EI-R33,Arnold,Edge_Student_Accounts,EI-T661,[Accounts] Script payload in 'first_name' is neutralised when attempting to update my contact person information
EI,EI-E1433,EI-R33,Arnold,Edge_Student_Accounts,EI-T655,[Accounts] Unknown account identifier returns not found when attempting to fetch my account data
EI,EI-E1434,EI-R33,Arnold,Edge_Student_Accounts,EI-T659,[Accounts] Unknown account identifier returns not found when attempting to update my contact person information
EI,EI-E1435,EI-R34,Khyne,Edge_Student_Dashboard,EI-T678,[Dashboard] Empty result set is returned correctly when attempting to fetch my achievement badges
EI,EI-E1436,EI-R34,Khyne,Edge_Student_Dashboard,EI-T682,[Dashboard] Empty result set is returned correctly when attempting to fetch my GPA (overall + per-class)
EI,EI-E1437,EI-R34,Khyne,Edge_Student_Dashboard,EI-T680,[Dashboard] Empty result set is returned correctly when attempting to fetch my grade distribution (histogram buckets)
EI,EI-E1438,EI-R34,Khyne,Edge_Student_Dashboard,EI-T688,[Dashboard] Empty result set is returned correctly when attempting to fetch statistics for assignments (2)
EI,EI-E1439,EI-R34,Khyne,Edge_Student_Dashboard,EI-T686,[Dashboard] Empty result set is returned correctly when attempting to fetch statistics for classes (2)
EI,EI-E1440,EI-R34,Khyne,Edge_Student_Dashboard,EI-T690,[Dashboard] Empty result set is returned correctly when attempting to fetch statistics for classes (3)
EI,EI-E1441,EI-R34,Khyne,Edge_Student_Dashboard,EI-T677,[Dashboard] Expired bearer token is rejected when attempting to fetch my achievement badges
EI,EI-E1442,EI-R34,Khyne,Edge_Student_Dashboard,EI-T681,[Dashboard] Expired bearer token is rejected when attempting to fetch my GPA (overall + per-class)
EI,EI-E1443,EI-R34,Khyne,Edge_Student_Dashboard,EI-T679,[Dashboard] Expired bearer token is rejected when attempting to fetch my grade distribution (histogram buckets)
EI,EI-E1444,EI-R34,Khyne,Edge_Student_Dashboard,EI-T687,[Dashboard] Expired bearer token is rejected when attempting to fetch statistics for assignments (2)
EI,EI-E1445,EI-R34,Khyne,Edge_Student_Dashboard,EI-T685,[Dashboard] Expired bearer token is rejected when attempting to fetch statistics for classes (2)
EI,EI-E1446,EI-R34,Khyne,Edge_Student_Dashboard,EI-T689,[Dashboard] Expired bearer token is rejected when attempting to fetch statistics for classes (3)
EI,EI-E1447,EI-R34,Khyne,Edge_Student_Dashboard,EI-T684,[Dashboard] Expired bearer token is rejected when attempting to fetch upcoming assignments by due date
EI,EI-E1448,EI-R34,Khyne,Edge_Student_Dashboard,EI-T683,[Dashboard] Out-of-range 'limit' value is handled safely when attempting to fetch upcoming assignments by due date
EI,EI-E1449,EI-R35,Khyne,Edge_Student_Classes,EI-T703,[Classes] Expired bearer token is rejected when attempting to cancel a pending request to join a class
EI,EI-E1450,EI-R35,Khyne,Edge_Student_Classes,EI-T692,[Classes] Expired bearer token is rejected when attempting to fetch all classes I am enrolled in
EI,EI-E1451,EI-R35,Khyne,Edge_Student_Classes,EI-T697,[Classes] Expired bearer token is rejected when attempting to join a class using its code
EI,EI-E1452,EI-R35,Khyne,Edge_Student_Classes,EI-T700,[Classes] Expired bearer token is rejected when attempting to request to leave a class
EI,EI-E1453,EI-R35,Khyne,Edge_Student_Classes,EI-T701,[Classes] Malformed class code identifier is rejected when attempting to cancel a pending request to join a class
EI,EI-E1454,EI-R35,Khyne,Edge_Student_Classes,EI-T693,[Classes] Malformed class code identifier is rejected when attempting to fetch a class by its code (2)
EI,EI-E1455,EI-R35,Khyne,Edge_Student_Classes,EI-T695,[Classes] Malformed class code identifier is rejected when attempting to join a class using its code
EI,EI-E1456,EI-R35,Khyne,Edge_Student_Classes,EI-T698,[Classes] Malformed class code identifier is rejected when attempting to request to leave a class
EI,EI-E1457,EI-R35,Khyne,Edge_Student_Classes,EI-T704,[Classes] Malformed class identifier is rejected when attempting to fetch class announcements
EI,EI-E1458,EI-R35,Khyne,Edge_Student_Classes,EI-T691,[Classes] Out-of-range 'page_num' value is handled safely when attempting to fetch all classes I am enrolled in
EI,EI-E1459,EI-R35,Khyne,Edge_Student_Classes,EI-T702,[Classes] Unknown class code identifier returns not found when attempting to cancel a pending request to join a class
EI,EI-E1460,EI-R35,Khyne,Edge_Student_Classes,EI-T694,[Classes] Unknown class code identifier returns not found when attempting to fetch a class by its code (2)
EI,EI-E1461,EI-R35,Khyne,Edge_Student_Classes,EI-T696,[Classes] Unknown class code identifier returns not found when attempting to join a class using its code
EI,EI-E1462,EI-R35,Khyne,Edge_Student_Classes,EI-T699,[Classes] Unknown class code identifier returns not found when attempting to request to leave a class
EI,EI-E1463,EI-R35,Khyne,Edge_Student_Classes,EI-T705,[Classes] Unknown class identifier returns not found when attempting to fetch class announcements
EI,EI-E1464,EI-R36,Paul,Edge_Student_Assignments,EI-T724,[Assignments] Expired bearer token is rejected when attempting to report a browser-lockdown violation for an assignment attempt
EI,EI-E1465,EI-R36,,Edge_Student_Assignments,EI-T716,[Assignments] Expired bearer token is rejected when attempting to save all my answers for an assignment
EI,EI-E1466,EI-R36,,Edge_Student_Assignments,EI-T720,[Assignments] Expired bearer token is rejected when attempting to submit an answer for an assignment
EI,EI-E1467,EI-R36,,Edge_Student_Assignments,EI-T712,[Assignments] Malformed assignment identifier is rejected when attempting to answer a specific assignment
EI,EI-E1468,EI-R36,,Edge_Student_Assignments,EI-T710,[Assignments] Malformed assignment identifier is rejected when attempting to fetch a specific assignment
EI,EI-E1469,EI-R36,,Edge_Student_Assignments,EI-T726,[Assignments] Malformed assignment identifier is rejected when attempting to fetch a specific submission for review
EI,EI-E1470,EI-R36,,Edge_Student_Assignments,EI-T706,[Assignments] Malformed class code identifier is rejected when attempting to fetch all assignments
EI,EI-E1471,EI-R36,,Edge_Student_Assignments,EI-T708,[Assignments] Malformed class code identifier is rejected when attempting to fetch my total average grade for a class
EI,EI-E1472,EI-R36,,Edge_Student_Assignments,EI-T714,[Assignments] Omitting the required field 'answers' is rejected when attempting to save all my answers for an assignment
EI,EI-E1473,EI-R36,,Edge_Student_Assignments,EI-T718,[Assignments] Omitting the required field 'answers' is rejected when attempting to submit an answer for an assignment
EI,EI-E1474,EI-R36,,Edge_Student_Assignments,EI-T722,[Assignments] Omitting the required field 'type' is rejected when attempting to report a browser-lockdown violation for an assignment attempt
EI,EI-E1475,EI-R36,,Edge_Student_Assignments,EI-T717,[Assignments] Script payload in 'answers' is neutralised when attempting to save all my answers for an assignment
EI,EI-E1476,EI-R36,,Edge_Student_Assignments,EI-T721,[Assignments] Script payload in 'answers' is neutralised when attempting to submit an answer for an assignment
EI,EI-E1477,EI-R36,,Edge_Student_Assignments,EI-T725,[Assignments] Script payload in 'type' is neutralised when attempting to report a browser-lockdown violation for an assignment attempt
EI,EI-E1478,EI-R36,,Edge_Student_Assignments,EI-T713,[Assignments] Unknown assignment identifier returns not found when attempting to answer a specific assignment
EI,EI-E1479,EI-R36,,Edge_Student_Assignments,EI-T711,[Assignments] Unknown assignment identifier returns not found when attempting to fetch a specific assignment
EI,EI-E1480,EI-R36,,Edge_Student_Assignments,EI-T727,[Assignments] Unknown assignment identifier returns not found when attempting to fetch a specific submission for review
EI,EI-E1481,EI-R36,,Edge_Student_Assignments,EI-T723,[Assignments] Unknown assignment identifier returns not found when attempting to report a browser-lockdown violation for an assignment attempt
EI,EI-E1482,EI-R36,,Edge_Student_Assignments,EI-T715,[Assignments] Unknown assignment identifier returns not found when attempting to save all my answers for an assignment
EI,EI-E1483,EI-R36,,Edge_Student_Assignments,EI-T719,[Assignments] Unknown assignment identifier returns not found when attempting to submit an answer for an assignment
EI,EI-E1484,EI-R36,,Edge_Student_Assignments,EI-T707,[Assignments] Unknown class code identifier returns not found when attempting to fetch all assignments
EI,EI-E1485,EI-R36,,Edge_Student_Assignments,EI-T709,[Assignments] Unknown class code identifier returns not found when attempting to fetch my total average grade for a class
EI,EI-E1486,EI-R37,Khyne,Edge_Student_Theme,EI-T731,[Theme] Duplicate submission does not create a duplicate theme (2)
EI,EI-E1487,EI-R37,Khyne,Edge_Student_Theme,EI-T729,[Theme] Empty result set is returned correctly when attempting to get current profile theme information (2)
EI,EI-E1488,EI-R37,Khyne,Edge_Student_Theme,EI-T732,[Theme] Expired bearer token is rejected when attempting to apply a new theme to profile (2)
EI,EI-E1489,EI-R37,Khyne,Edge_Student_Theme,EI-T739,[Theme] Expired bearer token is rejected when attempting to delete theme and revert to default (2)
EI,EI-E1490,EI-R37,Khyne,Edge_Student_Theme,EI-T728,[Theme] Expired bearer token is rejected when attempting to get current profile theme information (2)
EI,EI-E1491,EI-R37,Khyne,Edge_Student_Theme,EI-T736,[Theme] Expired bearer token is rejected when attempting to update current theme settings (2)
EI,EI-E1492,EI-R37,Khyne,Edge_Student_Theme,EI-T730,[Theme] Omitting the required field 'theme_id' is rejected when attempting to apply a new theme to profile (2)
EI,EI-E1493,EI-R37,Khyne,Edge_Student_Theme,EI-T734,[Theme] Omitting the required field 'theme_name' is rejected when attempting to update current theme settings (2)
EI,EI-E1494,EI-R37,Khyne,Edge_Student_Theme,EI-T740,[Theme] Removing a theme with dependent records leaves no orphaned data (2)
EI,EI-E1495,EI-R37,Khyne,Edge_Student_Theme,EI-T738,[Theme] Repeating the removal of an already deleted theme is handled safely (2)
EI,EI-E1496,EI-R37,Khyne,Edge_Student_Theme,EI-T733,[Theme] Script payload in 'theme_id' is neutralised when attempting to apply a new theme to profile (2)
EI,EI-E1497,EI-R37,Khyne,Edge_Student_Theme,EI-T737,[Theme] Script payload in 'theme_name' is neutralised when attempting to update current theme settings (2)
EI,EI-E1498,EI-R37,Khyne,Edge_Student_Theme,EI-T735,[Theme] Simultaneous updates to one theme resolve deterministically (2)
EI,EI-E1499,EI-R38,,Edge_Student_Features,EI-T750,[Features] Empty result set is returned correctly when attempting to retrieve district subscription plan for the authenticated student
EI,EI-E1500,EI-R38,,Edge_Student_Features,EI-T742,[Features] Empty result set is returned correctly when attempting to retrieve effective feature flags for the authenticated student
EI,EI-E1501,EI-R38,,Edge_Student_Features,EI-T746,[Features] Empty result set is returned correctly when attempting to retrieve school and district plan for the authenticated student
EI,EI-E1502,EI-R38,,Edge_Student_Features,EI-T748,[Features] Empty result set is returned correctly when attempting to retrieve school details for the authenticated student
EI,EI-E1503,EI-R38,,Edge_Student_Features,EI-T749,[Features] Expired bearer token is rejected when attempting to retrieve district subscription plan for the authenticated student
EI,EI-E1504,EI-R38,,Edge_Student_Features,EI-T741,[Features] Expired bearer token is rejected when attempting to retrieve effective feature flags for the authenticated student
EI,EI-E1505,EI-R38,,Edge_Student_Features,EI-T745,[Features] Expired bearer token is rejected when attempting to retrieve school and district plan for the authenticated student
EI,EI-E1506,EI-R38,,Edge_Student_Features,EI-T747,[Features] Expired bearer token is rejected when attempting to retrieve school details for the authenticated student
EI,EI-E1507,EI-R38,,Edge_Student_Features,EI-T743,[Features] Malformed feature name identifier is rejected when attempting to get effective status for a single feature (2)
EI,EI-E1508,EI-R38,,Edge_Student_Features,EI-T744,[Features] Unknown feature name identifier returns not found when attempting to get effective status for a single feature (2)
EI,EI-E1509,EI-R39,Ysh,Edge_Shared_Assignments,EI-T752,[Assignments] Duplicate submission does not create a duplicate assignment (3)
EI,EI-E1510,EI-R39,Ysh,Edge_Shared_Assignments,EI-T760,[Assignments] Duplicate submission does not create a duplicate assignment (4)
EI,EI-E1511,EI-R39,Ysh,Edge_Shared_Assignments,EI-T766,[Assignments] Duplicate submission does not create a duplicate assignment (5)
EI,EI-E1512,EI-R39,Ysh,Edge_Shared_Assignments,EI-T761,[Assignments] Expired bearer token is rejected when attempting to answer assignment
EI,EI-E1513,EI-R39,Ysh,Edge_Shared_Assignments,EI-T753,[Assignments] Expired bearer token is rejected when attempting to create new assignment
EI,EI-E1514,EI-R39,Ysh,Edge_Shared_Assignments,EI-T777,[Assignments] Expired bearer token is rejected when attempting to delete assignment by ID
EI,EI-E1515,EI-R39,Ysh,Edge_Shared_Assignments,EI-T767,[Assignments] Expired bearer token is rejected when attempting to share assignment
EI,EI-E1516,EI-R39,Ysh,Edge_Shared_Assignments,EI-T773,[Assignments] Expired bearer token is rejected when attempting to update assignment details
EI,EI-E1517,EI-R39,Ysh,Edge_Shared_Assignments,EI-T775,[Assignments] Malformed assignment identifier is rejected when attempting to delete assignment by ID
EI,EI-E1518,EI-R39,Ysh,Edge_Shared_Assignments,EI-T755,[Assignments] Malformed assignment identifier is rejected when attempting to get specific assignment by ID
EI,EI-E1519,EI-R39,Ysh,Edge_Shared_Assignments,EI-T757,[Assignments] Malformed assignment identifier is rejected when attempting to retrieve adoptive Next Item
EI,EI-E1520,EI-R39,Ysh,Edge_Shared_Assignments,EI-T769,[Assignments] Malformed assignment identifier is rejected when attempting to show assignment analytics
EI,EI-E1521,EI-R39,Ysh,Edge_Shared_Assignments,EI-T763,[Assignments] Malformed submission identifier is rejected when attempting to review submission
EI,EI-E1522,EI-R39,Ysh,Edge_Shared_Assignments,EI-T759,[Assignments] Omitting the required field 'assignment_id' is rejected when attempting to answer assignment
EI,EI-E1523,EI-R39,Ysh,Edge_Shared_Assignments,EI-T751,[Assignments] Omitting the required field 'semester' is rejected when attempting to create new assignment
EI,EI-E1524,EI-R39,Ysh,Edge_Shared_Assignments,EI-T771,[Assignments] Omitting the required field 'semester' is rejected when attempting to update assignment details
EI,EI-E1525,EI-R39,Ysh,Edge_Shared_Assignments,EI-T765,[Assignments] Omitting the required field 'type' is rejected when attempting to share assignment
EI,EI-E1526,EI-R39,Ysh,Edge_Shared_Assignments,EI-T762,[Assignments] Script payload in 'assignment_id' is neutralised when attempting to answer assignment
EI,EI-E1527,EI-R39,Ysh,Edge_Shared_Assignments,EI-T754,[Assignments] Script payload in 'semester' is neutralised when attempting to create new assignment
EI,EI-E1528,EI-R39,Ysh,Edge_Shared_Assignments,EI-T774,[Assignments] Script payload in 'semester' is neutralised when attempting to update assignment details
EI,EI-E1529,EI-R39,Ysh,Edge_Shared_Assignments,EI-T768,[Assignments] Script payload in 'type' is neutralised when attempting to share assignment
EI,EI-E1530,EI-R39,Ysh,Edge_Shared_Assignments,EI-T776,[Assignments] Unknown assignment identifier returns not found when attempting to delete assignment by ID
EI,EI-E1531,EI-R39,Ysh,Edge_Shared_Assignments,EI-T756,[Assignments] Unknown assignment identifier returns not found when attempting to get specific assignment by ID
EI,EI-E1532,EI-R39,Ysh,Edge_Shared_Assignments,EI-T758,[Assignments] Unknown assignment identifier returns not found when attempting to retrieve adoptive Next Item
EI,EI-E1533,EI-R39,Ysh,Edge_Shared_Assignments,EI-T770,[Assignments] Unknown assignment identifier returns not found when attempting to show assignment analytics
EI,EI-E1534,EI-R39,Ysh,Edge_Shared_Assignments,EI-T772,[Assignments] Unknown assignment identifier returns not found when attempting to update assignment details
EI,EI-E1535,EI-R39,Ysh,Edge_Shared_Assignments,EI-T764,[Assignments] Unknown submission identifier returns not found when attempting to review submission
EI,EI-E1536,EI-R40,,Positive_Auth_Login,EI-T1,User authenticates with valid email and password and receives an access token
EI,EI-E1537,EI-R41,Paul,Positive_Auth_Session,EI-T2,Session is rotated using the httpOnly refresh-token cookie
EI,EI-E1538,EI-R41,Paul,Positive_Auth_Session,EI-T3,User logs out and the refresh token is revoked with session cookies cleared
EI,EI-E1539,EI-R42,,Positive_Auth_Profile,EI-T4,Authenticated user retrieves their current profile
EI,EI-E1540,EI-R43,,Positive_Auth_Password Reset,EI-T4,Authenticated user retrieves their current profile
EI,EI-E1541,EI-R44,Flor,Positive_Teacher_Accounts,EI-T7,Teacher adds a profile picture when none exists
EI,EI-E1542,EI-R44,Flor,Positive_Teacher_Accounts,EI-T11,Teacher changes their password by supplying the current password
EI,EI-E1543,EI-R44,Flor,Positive_Teacher_Accounts,EI-T9,Teacher deletes their profile picture using a matching teacher identifier
EI,EI-E1544,EI-R44,Flor,Positive_Teacher_Accounts,EI-T6,Teacher searches for users by name or email filtered by role
EI,EI-E1545,EI-R44,Flor,Positive_Teacher_Accounts,EI-T8,Teacher updates an existing profile picture
EI,EI-E1546,EI-R44,Flor,Positive_Teacher_Accounts,EI-T10,Teacher updates their own account information
EI,EI-E1547,EI-R45,Flor,Positive_Teacher_Dashboard,EI-T14,Teacher fetches assignment statistics for the dashboard
EI,EI-E1548,EI-R45,Flor,Positive_Teacher_Dashboard,EI-T12,Teacher fetches class statistics for the dashboard
EI,EI-E1549,EI-R45,Flor,Positive_Teacher_Dashboard,EI-T13,Teacher fetches student statistics for the dashboard
EI,EI-E1550,EI-R45,Flor,Positive_Teacher_Dashboard,EI-T15,Teacher fetches submission statistics for the dashboard
EI,EI-E1551,EI-R46,Flor,Positive_Teacher_Classes,EI-T30,Teacher accepts a student's request to join a class
EI,EI-E1552,EI-R46,Flor,Positive_Teacher_Classes,EI-T32,Teacher approves a student's request to leave a class
EI,EI-E1553,EI-R46,Flor,Positive_Teacher_Classes,EI-T20,Teacher creates a class announcement
EI,EI-E1554,EI-R46,Flor,Positive_Teacher_Classes,EI-T16,Teacher creates a new class with required details and schedules
EI,EI-E1555,EI-R46,Flor,Positive_Teacher_Classes,EI-T25,Teacher deletes a class
EI,EI-E1556,EI-R46,Flor,Positive_Teacher_Classes,EI-T21,Teacher deletes a class announcement
EI,EI-E1557,EI-R46,Flor,Positive_Teacher_Classes,EI-T18,Teacher fetches a single class by its class code
EI,EI-E1558,EI-R46,Flor,Positive_Teacher_Classes,EI-T17,Teacher fetches all classes with pagination applied
EI,EI-E1559,EI-R46,Flor,Positive_Teacher_Classes,EI-T19,Teacher fetches the announcements for a specific class
EI,EI-E1560,EI-R46,Flor,Positive_Teacher_Classes,EI-T33,Teacher fetches the assignments belonging to a specific class
EI,EI-E1561,EI-R46,Flor,Positive_Teacher_Classes,EI-T22,Teacher fetches the gradebook for a class
EI,EI-E1562,EI-R46,Flor,Positive_Teacher_Classes,EI-T23,Teacher fetches the student roster for a class
EI,EI-E1563,EI-R46,Flor,Positive_Teacher_Classes,EI-T31,Teacher removes a student from a class
EI,EI-E1564,EI-R46,Flor,Positive_Teacher_Classes,EI-T28,Teacher removes the cover photo from a class card
EI,EI-E1565,EI-R46,Flor,Positive_Teacher_Classes,EI-T27,Teacher replaces the cover photo on a class card
EI,EI-E1566,EI-R46,Flor,Positive_Teacher_Classes,EI-T29,Teacher restores a soft-deleted class
EI,EI-E1567,EI-R46,Flor,Positive_Teacher_Classes,EI-T24,Teacher updates the details of an existing class
EI,EI-E1568,EI-R46,Flor,Positive_Teacher_Classes,EI-T26,Teacher uploads a cover photo for a class card
EI,EI-E1569,EI-R47,Flor,Positive_Teacher_Question,EI-T41,Teacher clears all applied question filters
EI,EI-E1570,EI-R47,Flor,Positive_Teacher_Question,EI-T36,Teacher creates a new question in their question bank
EI,EI-E1571,EI-R47,Flor,Positive_Teacher_Question,EI-T39,Teacher deletes a question from their bank
EI,EI-E1572,EI-R47,Flor,Positive_Teacher_Question,EI-T37,Teacher fetches a specific question by its identifier
EI,EI-E1573,EI-R47,Flor,Positive_Teacher_Question,EI-T34,Teacher fetches all accessible questions using catalogue filters
EI,EI-E1574,EI-R47,Flor,Positive_Teacher_Question,EI-T35,Teacher fetches staff-authored questions using catalogue filters
EI,EI-E1575,EI-R47,Flor,Positive_Teacher_Question,EI-T40,Teacher retrieves question filter options with result counts
EI,EI-E1576,EI-R47,Flor,Positive_Teacher_Question,EI-T38,Teacher updates an existing question
EI,EI-E1577,EI-R47,Flor,Positive_Teacher_Question,EI-T42,Teacher uploads an image to embed in a question
EI,EI-E1578,EI-R48,Paul,Positive_Teacher_Question Impact,EI-T47,Teacher commits a reviewed import and the questions are created
EI,EI-E1579,EI-R48,Paul,Positive_Teacher_Question Impact,EI-T44,Teacher pastes a single question and an import job is started
EI,EI-E1580,EI-R48,Paul,Positive_Teacher_Question Impact,EI-T45,Teacher polls the progress of a question import job
EI,EI-E1581,EI-R48,Paul,Positive_Teacher_Question Impact,EI-T46,Teacher reviews the proposed questions from an import before anything is saved
EI,EI-E1582,EI-R48,Paul,Positive_Teacher_Question Impact,EI-T43,Teacher uploads a question file and an import job is started
EI,EI-E1583,EI-R49,Flor,Positive_Teacher_Theme,EI-T49,Teacher applies a new theme to their profile
EI,EI-E1584,EI-R49,Flor,Positive_Teacher_Theme,EI-T51,Teacher deletes their theme and reverts to the default
EI,EI-E1585,EI-R49,Flor,Positive_Teacher_Theme,EI-T48,Teacher fetches their current profile theme
EI,EI-E1586,EI-R49,Flor,Positive_Teacher_Theme,EI-T50,Teacher updates their current theme settings
EI,EI-E1587,EI-R50,Paul,Positive_Teacher_Features,EI-T55,Teacher fetches the details of their school
EI,EI-E1588,EI-R50,Paul,Positive_Teacher_Features,EI-T53,Teacher fetches the effective status of a single district feature
EI,EI-E1589,EI-R50,Paul,Positive_Teacher_Features,EI-T57,Teacher fetches the teacher-made assignment quota for a class
EI,EI-E1590,EI-R50,Paul,Positive_Teacher_Features,EI-T56,Teacher fetches their district subscription plan
EI,EI-E1591,EI-R50,Paul,Positive_Teacher_Features,EI-T52,Teacher fetches their effective feature flags
EI,EI-E1592,EI-R50,Paul,Positive_Teacher_Features,EI-T54,Teacher fetches their school and district plan information
EI,EI-E1593,EI-R51,Flor,Positive_Teacher_Assignments,EI-T119,Analytics are returned for a specific assignment
EI,EI-E1594,EI-R51,Flor,Positive_Teacher_Assignments,EI-T120,Assignment details are updated through the shared assignments service
EI,EI-E1595,EI-R51,Flor,Positive_Teacher_Assignments,EI-T121,Assignment is deleted through the shared assignments service
EI,EI-E1596,EI-R51,Flor,Positive_Teacher_Assignments,EI-T118,Assignment is shared with another user
EI,EI-E1597,EI-R51,Flor,Positive_Teacher_Assignments,EI-T113,New assignment is created through the shared assignments service
EI,EI-E1598,EI-R51,Flor,Positive_Teacher_Assignments,EI-T114,Specific assignment is retrieved by its identifier through the shared service
EI,EI-E1599,EI-R51,Flor,Positive_Teacher_Assignments,EI-T117,Submission is retrieved for review by its submission identifier
EI,EI-E1600,EI-R51,Flor,Positive_Teacher_Assignments,EI-T70,Teacher adds a comment on a student's answer to a question
EI,EI-E1601,EI-R51,Flor,Positive_Teacher_Assignments,EI-T74,Teacher approves a pending late submission with a late penalty
EI,EI-E1602,EI-R51,Flor,Positive_Teacher_Assignments,EI-T58,Teacher creates a new assignment with required details and questions
EI,EI-E1603,EI-R51,Flor,Positive_Teacher_Assignments,EI-T60,Teacher creates an assignment on behalf of staff
EI,EI-E1604,EI-R51,Flor,Positive_Teacher_Assignments,EI-T66,Teacher deletes an assignment
EI,EI-E1605,EI-R51,Flor,Positive_Teacher_Assignments,EI-T72,Teacher deletes their comment on a student's answer
EI,EI-E1606,EI-R51,Flor,Positive_Teacher_Assignments,EI-T62,Teacher fetches a single staff-created assignment by its identifier
EI,EI-E1607,EI-R51,Flor,Positive_Teacher_Assignments,EI-T59,Teacher fetches all assignments created for a class
EI,EI-E1608,EI-R51,Flor,Positive_Teacher_Assignments,EI-T69,Teacher fetches an individual student's submission for an assignment
EI,EI-E1609,EI-R51,Flor,Positive_Teacher_Assignments,EI-T68,Teacher fetches item analysis analytics for an assignment
EI,EI-E1610,EI-R51,Flor,Positive_Teacher_Assignments,EI-T63,Teacher fetches one of their own created assignments
EI,EI-E1611,EI-R51,Flor,Positive_Teacher_Assignments,EI-T67,Teacher fetches the analytics summary for an assignment
EI,EI-E1612,EI-R51,Flor,Positive_Teacher_Assignments,EI-T61,Teacher fetches the catalogue of staff-created assignments
EI,EI-E1613,EI-R51,Flor,Positive_Teacher_Assignments,EI-T73,Teacher lists pending late submissions for an assignment
EI,EI-E1614,EI-R51,Flor,Positive_Teacher_Assignments,EI-T65,Teacher overrides a question's point value for a single assignment
EI,EI-E1615,EI-R51,Flor,Positive_Teacher_Assignments,EI-T75,Teacher rejects a pending late submission with a reason
EI,EI-E1616,EI-R51,Flor,Positive_Teacher_Assignments,EI-T64,Teacher updates an existing assignment's details
EI,EI-E1617,EI-R51,Flor,Positive_Teacher_Assignments,EI-T71,Teacher updates their existing comment on a student's answer
EI,EI-E1618,EI-R52,Dr. Uzaka ,Positive_Student_Accounts,EI-T79,Student adds a profile picture when none exists
EI,EI-E1619,EI-R52,Dr. Uzaka ,Positive_Student_Accounts,EI-T82,Student changes their password by supplying the current password
EI,EI-E1620,EI-R52,Dr. Uzaka ,Positive_Student_Accounts,EI-T81,Student deletes their profile picture
EI,EI-E1621,EI-R52,Dr. Uzaka ,Positive_Student_Accounts,EI-T76,Student fetches their own account data
EI,EI-E1622,EI-R52,Dr. Uzaka ,Positive_Student_Accounts,EI-T77,Student searches for teachers by name with pagination
EI,EI-E1623,EI-R52,Dr. Uzaka ,Positive_Student_Accounts,EI-T80,Student updates an existing profile picture
EI,EI-E1624,EI-R52,Dr. Uzaka ,Positive_Student_Accounts,EI-T78,Student updates their contact person information
EI,EI-E1625,EI-R53,Paul,Positive_Student_Dashboard,EI-T88,Student fetches assignment statistics for the dashboard
EI,EI-E1626,EI-R53,Paul,Positive_Student_Dashboard,EI-T87,Student fetches class statistics for the dashboard
EI,EI-E1627,EI-R53,Paul,Positive_Student_Dashboard,EI-T89,Student fetches submission statistics for the dashboard
EI,EI-E1628,EI-R53,Paul,Positive_Student_Dashboard,EI-T83,Student fetches their achievement badges
EI,EI-E1629,EI-R53,Paul,Positive_Student_Dashboard,EI-T84,Student fetches their grade distribution as histogram buckets
EI,EI-E1630,EI-R53,Paul,Positive_Student_Dashboard,EI-T85,Student fetches their overall and per-class GPA
EI,EI-E1631,EI-R53,Paul,Positive_Student_Dashboard,EI-T86,Student fetches upcoming assignments for the dashboard calendar
EI,EI-E1632,EI-R54,Paul,Positive_Student_Classes,EI-T94,Student cancels a pending request to join a class
EI,EI-E1633,EI-R54,Paul,Positive_Student_Classes,EI-T90,Student fetches all classes they are enrolled in with pagination
EI,EI-E1634,EI-R54,Paul,Positive_Student_Classes,EI-T91,Student fetches an enrolled class by its class code
EI,EI-E1635,EI-R54,Paul,Positive_Student_Classes,EI-T95,Student fetches the announcements for a class they are enrolled in
EI,EI-E1636,EI-R54,Paul,Positive_Student_Classes,EI-T92,Student joins a class using its class code
EI,EI-E1637,EI-R54,Paul,Positive_Student_Classes,EI-T93,Student requests to leave a class
EI,EI-E1638,EI-R55,Paul,Positive_Student_Assignments,EI-T115,Next adaptive item is served based on the previous response
EI,EI-E1639,EI-R55,Paul,Positive_Student_Assignments,EI-T96,Student fetches all assignments issued to a class
EI,EI-E1640,EI-R55,Paul,Positive_Student_Assignments,EI-T98,Student fetches the details of a specific assignment
EI,EI-E1641,EI-R55,Paul,Positive_Student_Assignments,EI-T99,Student fetches the questions for an assignment in order to answer it
EI,EI-E1642,EI-R55,Paul,Positive_Student_Assignments,EI-T103,Student fetches their submission for an assignment to review it
EI,EI-E1643,EI-R55,Paul,Positive_Student_Assignments,EI-T97,Student fetches their total average grade for a class
EI,EI-E1644,EI-R55,Paul,Positive_Student_Assignments,EI-T102,Student reports a browser-lockdown violation during an assignment attempt
EI,EI-E1645,EI-R55,Paul,Positive_Student_Assignments,EI-T100,Student saves their answers for an assignment in progress
EI,EI-E1646,EI-R55,Paul,Positive_Student_Assignments,EI-T116,Student submission is recorded through the shared answer service
EI,EI-E1647,EI-R55,Paul,Positive_Student_Assignments,EI-T101,Student submits their answers for an assignment
EI,EI-E1648,EI-R56,Paul,Positive_Student_Theme,EI-T105,Student applies a new theme to their profile
EI,EI-E1649,EI-R56,Paul,Positive_Student_Theme,EI-T107,Student deletes their theme and reverts to the default
EI,EI-E1650,EI-R56,Paul,Positive_Student_Theme,EI-T104,Student fetches their current profile theme
EI,EI-E1651,EI-R56,Paul,Positive_Student_Theme,EI-T106,Student updates their current theme settings
EI,EI-E1652,EI-R57,Paul,Positive_Student_Features,EI-T111,Student fetches the details of their school
EI,EI-E1653,EI-R57,Paul,Positive_Student_Features,EI-T109,Student fetches the effective status of a single district feature
EI,EI-E1654,EI-R57,Paul,Positive_Student_Features,EI-T112,Student fetches their district subscription plan
EI,EI-E1655,EI-R57,Paul,Positive_Student_Features,EI-T108,Student fetches their effective feature flags
EI,EI-E1656,EI-R57,Paul,Positive_Student_Features,EI-T110,Student fetches their school and district plan information